#SeedOffsetTable	1
#K	17
#SeedCount	385
#TrainingGenes	120051
#SeedSetSha80	b468f4f1faaf9dd6e56f
#Sequence	LeftOffset	RightOffset	LeftSD	RightSD	Count
0	\:	43a	ij	^?	2>>
P	2]=	1i@	1fm	1aQ	g
W	1B[	30d	20N	i`	O
2M	1O0	31a	2AE	jL	N
2oL	25;	=h	:n	2a	4
;mc	29^	=>	=;	2[	5
<4>	14j	396	0	0	1
<;o	25V	9>	0	0	1
>?l	1`<	NX	0	0	1
_g?	29h	=4	=;	2[	5
`@i	154	38l	0	0	1
bgd	1X4	V`	0	0	1
hoc	1`i	O;	S	]	2
13Yo	AZ	1m:	0	0	1
2PPR	23@	;T	0	0	1
2oLl	2:2	<j	=;	2[	5
3;O@	1X>	VV	0	0	1
3<Ro	1`<	2;4	0	0	1
3b3_	f\	2U6	W9	eA	7
3oe^	44X	3V	0	0	1
9P8i	2<D	1^l	0	0	1
;mc`	2:<	<`	=;	2[	5
<b;o	1`F	2:j	0	0	1
?8>m	1N6	2PB	Vf	V6	K
?<iR	1NE	1A9	KB	J8	29
D=RT	Q3	25e	1E	=Q	2
lcV:	1NQ	1AK	KE	Jc	28
1@cZg	PP	3jb	X	f4	2
1D2Qn	1@D	11i	7;	P	@
1d2Qn	1@P	138	11	1Z	5
2h@Md	H>	1dJ	4>	4>	2
38<c;	1ml	2H2	0	0	3
5@:7j	1B5	11i	8\	O	:
7?@2B	1DM	iP	S	0	2
7@:3h	24L	1ZG	?;	J2	Q8
7Z?8a	12;	1@R	69	1R	G
7`:3h	2f5	1Y>	C3	9d	JhL
7hLg8	4BX	8L	EO	U	3m2
902?8	1aQ	1V]	CD	9A	4
9?i@P	2En	249	@f	<L	9T^
9?ihP	1lm	h6	@I	Vi	3
9h5l2	168	1g\	Ml	14E	2N
9nboQ	1;D	1`a	?U	aY	3
:7jJi	1@?	115	K	_	:
:?Q8N	2nk	1HQ	F=	8Q	:@
:TDDX	2O4	1X:	14:	O_	3M
;?i@P	22D	1ZA	de	XP	`
;C12_	415	4Z	j1	?	4f
;OjoD	1]W	1Yh	O_	?k	8
;Z:oP	2C`	1\c	?O	8Y	Y
;ii;`	1QZ	2ic	<C	@g	67W
;j:m0	1lW	1]k	Ye	eJ	1=
=hiBB	hk	2VZ	NG	bO	7
>W54e	10o	3^I	9S	IB	20O
?8^M0	1hK	2R\	<D	G:	9Mc
?>N79	2?j	1=?	an	TR	4
?OXNT	27Q	1l4	RE	R[	1;
?kjoZ	1O]	^@	S	0	2
B]kSU	3UM	hg	E]	2g	I;V
C[2k5	2?f	3L	7Z	0	>
D2gn[	2\W	1]\	CD	<2	60T
E0XOY	1B?	11_	8\	O	:
Efkl_	2RR	on	>K	56	H^
GVPXd	4O`	N	EH	Q	I`k
G`:3]	12a	1h9	GA	14b	2J
M0X?Q	256	1ZB	>4	Id	O_
NXlS5	12E	1@H	69	1R	G
O0X?Q	2fL	1Y5	B>	9L	JXT
Ph2dR	2D_	1g_	17;	_k	1V
Q3B<D	21Q	1aD	ZB	Vo	e
R?N=D	2Jb	1]b	:n	1X	P
T<4[N	3A5	gc	aF	;?	2>
To7n0	1]V	2J2	V=	bn	5R
ToU23	2F4	23n	@f	<O	9O9
WPG`:	162	1hO	Ml	14n	2L
X:hXh	2Fb	`I	I4	8f	@
Xl<3h	2nl	1G1	0	2	?
Z:<>6	_U	2XY	AW	9h	4
Z>CTo	M;	3TL	1Q	@C	3
ZAABR	2i2	1Ud	Ch	8a	G[f
[9K2X	3D7	2i	Ce	5	6
[_Zl;	2M=	14f	:Y	7H	IR
]20Yj	TF	2IE	Q8	12b	2A
]<4:o	40[	4O	ih	B	8I
]\4:b	3\1	4Q	Qd	;	Om
]jiBB	1Hn	36l	6U	E4	JL>
_WT_0	1Qb	2iY	<H	@k	68F
_\4:o	47_	4P	eP	>	5<
__T_0	1Na	2hN	8I	F\	8dg
`4f71	g8	2PF	A;	S	5
`?0<o	2Y1	1]H	2D	2	P
``<l<	18F	3>0	0	2>	S
bK<l2	1Nn	34X	81	AI	;Y1
c?;<P	1jY	2Kl	4	2a	F
dS5?\	1fb	1l[	od	Nl	D
gj4>Y	lX	3[A	8e	Ho	5U
hXg_X	1F9	1a8	7[	kG	3
h\@g0	1@;	36k	7I	IY	8A_
jM?0d	>;	4?5	1A	E0	F3i
jRK[g	1^e	25j	1Y	MV	K
jSb<E	1^Q	1c[	<k	AO	DP
kDPZA	15b	1c5	Ek	17F	1n
lRid2	1hT	2RU	<7	G[	9MF
n6PZA	2h3	1WS	B=	96	JVG
oQd4J	2nJ	1Q2	BN	8?	J^5
olll?	2Kb	1IH	4g	4g	5
12jCdU	2lK	n7	iQ	<8	66
14A4A4	1Jf	2`6	1lf	166	1_
18:TDD	2Ra	1S9	fn	Hk	5G
1<2Pn>	3j@	1RA	3CF	8e	G
1=@X:B	12M	3Lo	5_	DF	Hjf
1@;Oj_	2\`	1]S	C:	;a	60M
1ABRj9	2ii	1Tg	Ci	8k	G^F
1BRj9N	2jC	1TC	C\	8_	GT6
1C0hih	29B	1a\	ZA	Kg	1Q
1NJ2SC	4Of	D	E8	R	IRF
1O0X>e	11e	1i?	FS	15j	2B
1PHQM9	3>T	18n	FB	5A	85n
1[GK59	[i	3VY	2I	]P	C
1cLRP\	4DL	7F	AL	D	7EL
1jSb<E	12O	1@>	69	1R	G
1o0eo3	1AH	3:C	>L	d^	4P
20d2on	2X>	1^9	JN	;G	3XJ
28R8R8	5:4	2di	4fI	o:	2N
28fP84	1S:	1ng	7L	8\	BZ
2:RGR0	nP	3QM	5P	Ek	Igc
2:h3gj	2AL	2<;	A_	<_	I4I
2?S9gm	3:8	1IF	AG	7Z	:f\
2?T??e	4;6	QA	1G2	8B	F
2BVI0l	14g	3IK	5T	C4	Fh6
2BfJ`a	_9	2Hd	FC	?L	N
2C^_`m	2:J	1T=	=n	I5	O^
2CnD8>	2F<	23k	?o	<A	9LG
2LX<>P	20A	2Jd	?L	?H	7=?
2M@bC<	1Id	2Hl	B;	o>	9M
2MoOSg	31d	1E:	G2	5e	8DN
2N1O0X	15j	1j2	N6	16>	2K
2P[RSQ	2\J	eY	>_	2a	B`
2R?NTi	1]>	150	=b	2K	<
2SP[P;	2@H	1aK	AZ	:J	g
2ShC?S	2S@	2?3	m<	2Nb	<
2Y2g[U	1H<	37\	6[	Dd	JIY
2Y55:;	2i=	1UZ	Ci	8_	G[<
2[f?FR	l5	3T0	5:	CE	IIC
2\^603	1;8	3G\	5F	A2	?k:
2^0mnS	2Ab	2;Q	C0	<M	@10
2^Wo`]	1@\	2BG	7>	?F	=2
2^nC[k	22Q	1Bg	G5	NS	4
2^n[`]	2MP	14R	:Q	2V	IZ
2_@8Hd	2?3	1YJ	1C\	dC	1^
2`B]kS	3<]	k5	\D	=0	^
2`^B]1	2`U	8S	gW	42	2G
2`^B]<	3BJ	Ne	mH	4B	35
2c[C2W	1kd	1XH	Y2	23	Q
2c[i0W	2dc	1[e	AA	8i	@K_
2cb\_[	ZC	3lb	5M	J2	5Q
2d2^0m	1m9	21>	\l	Y?	2D
2d82WX	TQ	2Hg	Q1	12[	2B
2g[U99	1I8	36c	6X	D]	JNO
2ji>W_	3<M	19g	2:b	9^	;
2kd2BU	1jg	2P1	=:	=D	7>M
2mko_[	e3	27Y	EK	8\	J
2n^R@o	327	1<W	19?	:J	5?
31:g^>	3U:	i;	Ed	3:	I<2
33occ`	2KN	1I\	4g	4g	5
3<c<c<	aa	2JA	153	18R	Dc
3@On>\	aV	3mT	6E	M?	15@
3D:2TT	12a	3L]	5X	DD	HgL
3GU;9<	1T	4K7	1	@I	7fD
3P@X?E	3S=	QC	188	:^	2f
3PY0^o	kX	1mh	Gj	12B	2E
3Ra3L3	1@E	36a	7J	IN	8=m
3S@7lL	3QA	98	Xi	1A	;
3Wm?3@	2Tf	2>L	@L	@W	1<@
3Ydl3B	>F	4>b	1@	D`	F`b
3^?`mS	1oH	1L;	Ga	>J	?
3_m?3@	2Ia	237	CD	<5	F27
3`d860	2K\	22[	B=	:O	H:E
3b<EAc	13M	1??	69	1Q	G
3ccccc	2_b	1oC	2Y\	1X?	2<
3g8W34	H:	49e	1?	C8	?_l
3hJ2Y5	2h>	1WH	B9	93	JQK
3hbMoM	370	1Ic	C4	8d	69X
3mD\;T	2a>	9`	g;	4A	2N
3n7@AZ	2nV	1Pi	B[	8L	JX9
3ndW`m	1]X	1<d	WB	ig	1n
3ng[`o	34g	1;d	dn	9Z	4O
3occ`o	2Kl	1I>	4g	4g	5
41jSb<	121	1@\	69	1R	G
41n7=b	4BO	8V	EO	Q	3l]
42N0O0	2fa	1ZL	@7	8E	@T>
42N1O0	15Y	1hS	N4	14F	2M
47oS[;	a`	41\	3O	DD	m9
4;N^DT	1Hd	375	6M	Df	JMJ
4<BQgo	1<P	38?	:o	13_	4P
4A4A4A	1O5	2_`	1o]	16E	1\
4DDX^R	2i`	1U1	Cg	8m	G]k
4DX^RG	2j9	1TM	C]	8^	GU0
4ShbMo	39o	1IP	AB	7X	:gF
4T]V\<	^6	2I2	FO	?=	O
4U4@S@	2b7	h[	17\	8N	@
4\;T[@	2aH	8o	hE	4d	2H
4\;T[C	3CY	Nj	mj	4M	2m
4e2PY9	12W	3Lf	5Y	DA	Hh8
4h:@;_	k9	1ne	H2	12]	2B
4jFml_	3<e	1Bc	CR	77	I[:
4oU23_	2G=	247	@m	=Q	8VM
52PY9:	135	3LO	5Q	D8	Hdj
55:;XU	2io	1TW	C[	8X	GSm
59;I[3	1?a	2mU	D2	1=d	2Y
5;2i:d	349	ED	nE	;d	5@
5<3SWQ	28e	1bV	Zh	J]	1N
5>2T2k	k;	1nT	H:	12O	2@
5B`^B]	36R	D[	oU	;j	4_
5NEo\A	453	JK	FG	1L	JJL
5Ok4AI	460	IZ	El	1E	JCk
5h<OBL	1cR	2B@	TW	U8	SB
5iGna4	45<	JA	FH	1K	JM4
5l2PkD	11Y	1ih	FN	16O	2>
5ldo8X	4?G	7n	Ha	O	8E^
5o\A5U	469	IP	El	1E	JFN
6MPQSB	1WK	1h4	aF	Vo	9
6W`oQd	2mQ	1Qo	B7	8R	JI8
6iBBfJ	Wi	2LX	CE	BI	M
754e2P	11[	3MZ	5e	D\	I1L
773h^D	2dP	1ci	BG	A4	1l
78[P?O	2?f	2:k	?<	<_	8:I
7MgMgM	1f3	29S	1Y4	b1	2=
7PG`:3	187	1fH	OO	13S	2Q
7Pao9b	1bX	1^R	Zl	12B	W
7QC0hi	2B1	1[0	c:	P^	1;
7UOk4A	45G	J7	FE	1J	JKk
7W8[P?	2<6	26Z	Q;	L7	;L
7Z?8aE	12Y	1@4	69	1R	G
7[`mh`	31H	1>0	^[	=j	7E
7\?X>;	1AN	3=F	59	C2	7RH
7`A>@]	6J	3ZQ	I	OA	L;
7`oQd4	2mZ	1QH	C>	8X	J\o
7i?2eN	3;U	Hf	\L	3]	i
7md?Nj	2]F	1A=	dl	Dn	2:
7na4FE	46B	IF	Ef	1?	JA6
81l2Pn	2eo	1YH	Bj	9d	Jd@
82WX<0	TN	2Fc	QD	12P	1n
85l2Pk	13<	1gS	G@	15;	2H
8:@;_j	n4	1jP	G0	15]	20
8;K12\	3Z:	4[	OW	:	P8
8<>PbQ	24V	2JS	>3	=0	=j2
8=nQ3Z	m2	3ZE	6f	Jf	5f
8>;4O`	1BM	3@S	61	A5	;]V
8>e8:T	15e	1c<	F?	17H	1n
8?QX:T	2gj	1W\	B2	97	JQ5
8@^Tm9	2iL	n5	g@	:m	5i
8BMm7Y	1Yk	1>_	:\	;[	9
8RXUhP	nG	3QZ	5S	Ec	Ifh
8SJ0PA	1SK	1ni	77	7o	HB
8Tk[l?	2:4	1T\	>H	II	PU
8Z@]ji	1H2	37f	6`	Db	JK7
8[P?OX	2AT	2;o	Ad	<b	I9D
8e?XZ@	1F7	34I	6m	DW	>[B
8ighN;	1aI	2W:	JY	Gk	kQ
8jXgZ?	2Z;	@F	ge	54	20
8jo;R]	465	D:	B0	18	6^5
8lS5DL	13C	1?I	69	1Q	G
8oE;2i	2c`	:c	h_	63	2S
90WP7`	2fW	1ZV	@<	8E	@T@
90WPG`	15O	1h]	N>	143	2O
92g[U9	1HZ	37>	6M	Dd	JLK
955:;X	2iW	1U;	Ch	8e	G\k
99mBP5	2HW	1Wn	11T	WA	1`
9<ing@	3L	4Id	3	>?	7\c
9>U_O;	3<[	1Bm	CP	77	IZa
9>W]];	24[	17d	Gb	5g	Z
9?i@Pk	2F]	24;	@D	<j	9S0
9BBFJ`	1J6	35>	6]	Ce	JSZ
9BBfJ`	1=g	2lj	EN	1<9	2b
9Gna4F	45f	Id	Ef	1F	J@g
9WH8Hd	1Y^	1g[	ce	YD	8
9Yl?hM	2mI	1R9	B5	8R	JG\
9aC=AZ	oS	1[g	V	CP	3
9bP`j3	20E	2JZ	?O	?J	74j
9c8KU4	2>\	a@	Be	7;	D
9h5l2P	16l	1hj	O1	15a	2L
9ib:h3	2=9	26m	P0	L4	;:
9l4CT;	6@	3Zh	H	OA	LG
9l?hM1	2mS	1QV	C=	8`	J^D
:3Ra7l	1BE	3@b	5m	@l	;TK
:9>jo3	2:4	1T`	>4	I8	PI
:>CTo=	Nm	3;@	7n	1:\	4=
:@]jiB	1HP	37H	6U	Dh	JMH
:AABRj	2iO	1UF	Cb	8_	G^8
:CdckU	1lc	21H	^S	SB	1[
:LDcDJ	oJ	1WV	Q	BS	4
:Lb6iA	2<Q	ag	BI	6X	H
:O3n7@	2mO	1Qb	B]	8_	JV=
:T;N^D	1HF	37Q	6^	Di	JIc
:TDDX^	2iG	1UP	Ce	8\	G[\
:X;>_T	2h5	1_U	>F	:8	:K@
:Y?;?6	2CX	2MS	D0	=F	1Dc
:^^^CY	3:B	1Cn	Cc	7P	HGT
:bhh0<	1;>	39N	KS	12C	53
:i>U_O	3<<	1CK	CI	7;	IY_
:mco_k	1f@	21<	W8	Qi	14
;2i:d5	2^k	8Q	d?	4B	22
;2i:d`	3B0	Nh	10P	2Y	2g
;3e9e3	1LD	321	7<	DL	GeN
;3g8W3	G[	46k	m	Fh	E?h
;;j=nX	1TI	2el	;B	;?	5Zo
;Dh:@;	k\	1oR	Gb	15Y	23
;EiGna	44e	J_	F<	1P	JLh
;M0S`U	57	4Ih	C	Eh	GR:
;NEc@O	be	3[l	4>	C3	9Cg
;P]\4:	3\K	4o	Pg	;	Q9
;SUO8k	3Wf	gQ	E]	3G	JaH
;TjFml	3<E	1CA	CQ	7;	I[4
;U99I[	1Ib	35R	6[	Cf	JQn
;U9;I[	1=\	2mT	EQ	1<8	2b
;XTk[l	29e	1Tk	=c	I1	P6
;Z:oPR	2Bm	1\>	?3	81	Y
;[TjFm	3;a	1C[	C2	75	JTJ
;^k^k^	1DS	2;k	1NV	1IE	2:
;mo@ng	]H	2[N	o	hf	5
<4[Nhi	3UC	i1	Ee	39	I;U
<:kj_2	2M7	150	:J	7J	IE
<?LRL<	Ge	46b	k	Fo	E@L
<?hM16	2n;	1Q6	BS	8F	JNK
<Vc?0_	1OM	37@	8_	B=	;1O
<_XgjR	1Y\	2g<	3F	7i	13b
<c<c<c	`W	2LS	12n	1;1	Dg
<c`;ki	1P<	3:O	6n	AT	8;C
<oF\>i	2R=	1U^	;6	1W	T
=1ohjb	aZ	3oG	61	J3	11`
=23P;B	2Bk	1hU	19=	^N	1X
=2ec1R	2YH	1nE	@C	:H	57
=@X:BB	12k	3LW	5T	D?	Hh:
=CPY0^	kA	1m[	Gm	11g	2E
=D\;T[	391	D?	10A	;m	4Q
=GUOk4	44m	JU	FJ	1M	JOK
=d2?2D	5A	4I\	C	F4	GT4
=gMgMg	1e\	2<_	1]J	`S	2A
=hD`>>	2Ac	1[;	`]	_f	1F
=iG=1o	aY	3Yc	4M	FZ	@ZD
>0O0X?	2ee	1YQ	Bl	9c	JZf
>1O0X>	12c	1h2	G9	15B	2G
>2T2kn	l3	1lc	Gk	11k	2B
>2f`@[	3\?	4e	Q6	;	QS
>6PZAA	2hR	1W4	B;	8o	JP9
>>Z=jS	2YJ	@T	gK	5<	23
>@9h5l	17I	1fb	Pf	12_	2P
>@noE>	3d@	WZ	@n	2O	:[
>CYKgb	3<P	1C7	CR	78	IZj
>CYkKB	2KB	1C3	<X	GE	NA
>C`]GU	3:]	HL	\:	3a	h
>DTUV\	1Il	35H	6\	Ci	JSC
>DT]V\	1=]	2m4	EN	1<9	2b
>Eo\A5	45U	In	F8	1I	JEN
>JO3n7	2m?	1RC	B=	8R	JGT
>RC^_`	29i	1Th	>2	I6	PL
>Rho]j	3@T	1Fb	GW	=I	1c5
>XlS5D	1^O	1bJ	;:	?=	D9
>[[[Tj	3:8	1D9	D<	7Y	HKL
>^CYKg	3<2	1CU	CH	7;	IZ;
>a4FE]	465	Hd	FM	1G	JX`
>gULd7	ao	3_7	3S	E?	95d
>k^k^k	1AQ	29N	1C6	1J9	2;
>odl=2	2Io	239	C>	;2	F>d
?0__V_	1Q1	3;G	7J	A1	7PK
?3n7@A	2ml	1Q?	Bb	8L	JTe
?;Qg8`	X9	3bf	8_	1_7	W
?;SZSN	2VP	@\	dM	4A	29
?>83@;	2X9	1^k	Gl	:?	7g5
??????	2T`	256	2R3	1`M	2=
??e[3^	2R3	1Uh	;6	1W	T
?CSjSb	2gQ	WW	171	1O	2
?E;2i:	39\	DF	10V	;m	4T
?LS1LS	Kn	3TN	[	?G	E
?Lokjo	28`	2GU	=@	<F	;I:
?Loknk	1_W	24\	94	G5	b
?O;jj;	38C	1@K	JE	>k	gL
?QX:TD	2hH	1W>	B:	94	JPM
?T2N1O	18a	1hi	QL	158	2S
?Tl;Ei	3:S	HV	\:	3a	h
?\A5UK	45i	Hn	FT	1F	JU`
?eB`^B	2`]	9X	gL	4D	2J
?m?3@P	2JA	22e	CM	;0	FDV
?ooooo	`_	3hI	oC	j6	b5
