#boundary	stop
#insidecount	8
#outsidecount	0
#k	8
#kmer	count
AAAAGCAG	4
AAATGCAA	1
AACCATTC	1
AACCCGCT	1
AACTACTA	2
AAGCAACC	2
AAGCACAA	4
AAGCCCGA	1
AAGTAAGT	1
AATGATGA	1
ACATGCCG	1
ACCATTCA	1
ACCCACCG	1
ACCCGCCA	1
ACGCACAA	1
ACGCACGA	9
ACGCACGG	56
ACGCACGT	1
ACGCACTT	1
ACGCATGG	1
ACGCGCGG	6
ACGCGTGG	1
ACGCTCGG	5
ACGTACGG	1
ACGTATGA	3
ACGTGCAT	5
ACGTGCGG	3
ACTCTGGG	1
AGGATCGT	1
AGGCACGG	2
AGGCAGCT	1
AGGCATAG	1
AGGTGCGG	2
AGTCAGGG	1
ATACTCGG	1
ATCATTCA	1
ATCTACTA	19
ATCTGCTA	3
ATGCACAA	5
ATGCACAG	3
ATGCACAT	5
ATGCACGA	20
ATGCACGC	2
ATGCACGG	69
ATGCACGT	12
ATGCATGG	12
ATGCCCGA	1
ATGCGCAA	1
ATGCGCGG	13
ATGCGTGG	1
ATGCTCGG	5
ATGCTCGT	4
ATGGATGA	1
ATGGGAGG	1
ATGTACAG	1
ATGTACGA	2
ATGTACGG	4
ATGTATGA	15
ATGTATGG	2
ATGTGCAA	1
ATGTGCGG	13
ATTCATCT	1
ATTTAAAT	1
ATTTTTAT	1
CAAAGGCC	1
CAATAGCG	1
CACCATTC	2
CAGCTCGG	2
CAGTCGGG	1
CATTGCGA	1
CCACACTC	2
CCACTGGT	1
CCCATGTT	1
CCCGCTAA	1
CCGCACAG	2
CCGCACCT	3
CCGCACGG	18
CCGCACTC	1
CCGCATGG	2
CCGCATTC	3
CCGTGCGG	1
CCTAAGGG	1
CGCAGATA	1
CGCATTCA	1
CGCCCACT	1
CGCCGCCG	1
CGGCCCAT	1
CGGCCCGG	1
CGGCCTGT	2
CGGCGCGC	3
CGGCTCGG	6
CGGGTCCA	1
CGTCCACA	1
CGTCCGCA	1
CTAATCGA	1
CTATTTTT	1
CTCAATTA	1
CTCCGGTC	1
CTGCACAG	2
CTGCACGA	3
CTGCACGG	2
CTGCATGG	2
CTGCCTCC	1
CTGCGCCT	1
CTGTCCAC	1
CTGTCTAT	1
CTGTGCGG	1
CTTCTTTT	2
CTTTCTTT	1
CTTTGTAT	1
CTTTTCTT	1
GAACAGAA	1
GAGAGGAT	1
GAGCGCGC	2
GAGCGCGT	1
GAGTATTT	2
GAGTGCGT	1
GAGTGTGC	1
GCACATGA	1
GCACATGG	1
GCACTGTC	1
GCCACACA	3
GCCACACC	1
GCCACTTT	10
GCCATGCA	10
GCCATTAA	2
GCCATTAT	1
GCCATTTA	5
GCCATTTC	2
GCCATTTT	13
GCCCACCA	4
GCCCACCC	10
GCCCACCG	2
GCCCACCT	7
GCCCACGG	1
GCCCACTA	1
GCCCACTT	7
GCCCATCC	1
GCCCATGT	1
GCCCATTA	6
GCCCATTC	8
GCCCATTT	7
GCCCCACC	1
GCCCCCTC	1
GCCCGCAT	3
GCCCGCCA	5
GCCCGCCG	52
GCCCGCCT	1
GCCCGCTA	3
GCCCGCTG	1
GCCCGTCA	10
GCCCGTCC	1
GCCCGTCG	1
GCCCTTTT	2
GCCGACCA	1
GCCGACCC	5
GCCGACCG	6
GCCGACCT	6
GCCGCACA	1
GCCGCATA	1
GCCGCCAC	1
GCCGCCGG	2
GCCGCGCG	7
GCCGCTCT	1
GCCGCTTA	1
GCCGGCCC	2
GCCGGGCC	2
GCCGTGCA	1
GCCGTGTG	1
GCCGTTTA	4
GCCGTTTG	1
GCCTAACA	4
GCCTAGCA	2
GCCTAGCG	2
GCCTCGCT	2
GCCTGCCA	15
GCCTGCCG	1
GCCTGGCA	3
GCCTGTCA	13
GCCTTTTT	2
GCGCACAA	5
GCGCACAG	5
GCGCACAT	2
GCGCACGA	6
GCGCACGG	45
GCGCACGT	4
GCGCGCAA	4
GCGCGCAG	1
GCGCGCAT	1
GCGCGCGA	1
GCGCGCGG	17
GCGCGCGT	16
GCGCGTGG	2
GCGCTCGG	8
GCGCTCGT	3
GCGGTTTT	3
GCGTACGG	4
GCGTATGA	4
GCGTATGG	1
GCGTGCAT	1
GCGTGCGG	12
GCTACCCT	3
GCTCACCT	5
GCTCATCA	22
GCTCATCG	12
GCTCGCCA	3
GCTCGCTA	5
GCTCGGTT	1
GCTCTGCC	1
GCTGACCA	1
GCTGACCC	3
GCTGCCTC	2
GCTGCTAC	1
GCTGTGCC	1
GCTTGCCA	1
GCTTGTAA	1
GGATAAAG	1
GGCCCGTG	2
GGCCCTAA	1
GGCCTCTG	1
GGCCTTTG	1
GGCGTCCA	1
GGCTACTA	2
GGCTGCCT	3
GGCTGCTA	1
GGGAACCA	1
GGGAGGAG	1
GGGCACGA	1
GGGCACGG	5
GGGCAGCT	1
GGGCCCGA	1
GGGCCTTG	1
GGGCGCAG	1
GGGCGCGG	6
GGGCGGTT	1
GGGTACAA	1
GGGTACGG	3
GGTATGCG	1
GGTCATGC	1
GGTCCCGC	3
GGTCCCGT	1
GGTCTCAT	1
GGTGCCGG	2
GGTGCGCG	2
GGTGTGCG	1
GTAAAAGC	1
GTAAGCAA	2
GTATTTTT	1
GTCAGGCA	1
GTCCAACA	3
GTCCAACC	6
GTCCACAC	12
GTCCACAT	50
GTCCACCA	83
GTCCACCC	60
GTCCACCT	4
GTCCACGG	2
GTCCACTA	3
GTCCACTC	14
GTCCACTG	1
GTCCACTT	9
GTCCAGCA	6
GTCCAGTA	3
GTCCATCA	4
GTCCATCC	6
GTCCATCT	11
GTCCATTC	18
GTCCATTT	1
GTCCCAAA	2
GTCCCAAT	2
GTCCCATC	4
GTCCCATT	1
GTCCCCAA	31
GTCCCCAC	4
GTCCCCAG	1
GTCCCCAT	3
GTCCCCGT	3
GTCCCCTA	1
GTCCCGTT	1
GTCCCTAA	1
GTCCCTAT	4
GTCCCTGT	1
GTCCCTTT	5
GTCCGACC	7
GTCCGACT	1
GTCCGATC	5
GTCCGATT	1
GTCCGCAC	5
GTCCGCAT	71
GTCCGCCA	102
GTCCGCCC	3
GTCCGCCG	19
GTCCGCCT	2
GTCCGCGT	1
GTCCGCTA	7
GTCCGCTC	3
GTCCGGCT	1
GTCCGGTA	1
GTCCGGTT	1
GTCCGTAT	1
GTCCGTCA	21
GTCCGTCC	15
GTCCGTCT	10
GTCCGTGG	2
GTCCGTTC	56
GTCCGTTT	4
GTCCTCTC	1
GTCCTTTT	1
GTCTACGG	1
GTCTACTA	2
GTCTACTC	1
GTCTGGCT	3
GTCTTCGG	1
GTGCACAA	30
GTGCACAG	82
GTGCACGA	118
GTGCACGC	5
GTGCACGG	2386
GTGCACGT	15
GTGCACTA	3
GTGCATAG	1
GTGCATGA	4
GTGCATGG	76
GTGCGCAA	1
GTGCGCAG	4
GTGCGCCG	1
GTGCGCCT	1
GTGCGCGA	18
GTGCGCGG	214
GTGCGCTT	3
GTGCGTGG	23
GTGCTCAT	1
GTGCTCGG	3
GTGGACTA	1
GTGGGCGG	1
GTGTACAA	1
GTGTACAG	43
GTGTACAT	2
GTGTACGA	13
GTGTACGG	109
GTGTAGAG	1
GTGTATGG	9
GTGTGCAG	6
GTGTGCAT	2
GTGTGCGA	4
GTGTGCGC	4
GTGTGCGG	98
GTGTGCGT	4
GTGTGCTA	2
GTGTGCTT	52
GTGTGTAG	2
GTGTGTGA	5
GTGTGTGG	3
GTGTGTGT	2
GTGTGTTT	1
GTTCAACG	4
GTTCACAG	2
GTTCACCA	4
GTTCACGA	3
GTTCACGG	11
GTTCACTA	1
GTTCATGG	10
GTTCCCAA	9
GTTCCCAT	2
GTTCCCGG	1
GTTCCCGT	2
GTTCCGGG	1
GTTCGCCG	1
GTTCGTGG	4
GTTTACGA	1
GTTTGCGA	13
GTTTGCGG	2
GTTTGTAA	1
GTTTGTGA	1
GTTTGTGG	1
GTTTTAAA	1
GTTTTCTG	1
GTTTTTGC	1
TAAAGCAG	1
TAACTCGG	2
TACCCCAT	1
TACGGTCC	1
TACGTCCA	3
TACTACTA	1
TAGAAGCA	1
TAGTATAT	1
TATTGTAT	2
TATTTTAT	1
TCCACACA	1
TCCACACT	25
TCCACATT	28
TCCACCAT	3
TCCATACT	1
TCCATCAT	1
TCCCACCG	3
TCCCACTC	1
TCCCAGTC	2
TCCCATTG	1
TCCGACCC	5
TCCGCACT	2
TCCGCATT	4
TCCGCCAT	1
TCCGCCGC	1
TCCGCGCC	1
TCCGCGCG	5
TCCGGCCC	1
TCGCAAAA	1
TCGCACAG	7
TCGCACGA	1
TCGCACGG	1
TCGCACTG	1
TCGCAGCG	1
TCGCATGG	1
TCGCGCGG	2
TCGGGGCG	1
TCGTTTGC	1
TCTACTAC	1
TCTGCTAC	1
TCTGGCCC	9
TGCCGCCG	2
TGCCGTTA	1
TGCGGCCC	1
TGCTATGT	1
TGGCTCGG	3
TGGGACAG	1
TGGGATTG	1
TGGTAAAA	1
TGGTCAAA	1
TGGTGAGT	1
TGGTGGAA	1
TTATAAGA	1
TTATATAG	1
TTATTTAA	1
TTCCGCAC	1
TTCTATAT	1
TTCTTTAA	1
TTGCACAG	5
TTGCACCG	1
TTGCACGG	3
TTGCATAA	1
TTGCATAT	17
TTGCATCT	1
TTGCATGG	1
TTGCATGT	1
TTGCATTT	3
TTGCGCGG	6
TTGCGTGA	1
TTGTCTAT	2
TTGTGCGG	2
TTGTTTGG	1
TTTCACAA	1
TTTTCCGG	1
TTTTGCTG	1
TTTTGTAT	1
TTTTGTGA	1
TTTTTGGT	1
TTTTTTTA	2
