#boundary	start
#insidecount	11
#outsidecount	0
#k	11
#kmer	count
AAAAAAGCCAC	2
AAAAAGCCTCC	1
AAAAATCATCA	1
AAAACGGACCC	1
AAAAGCAGGCA	3
AAAAGTGGGCT	1
AAACGATCAGC	1
AAACGCTCCCT	1
AAAGAGAATAT	1
AAAGAGGAATC	1
AAAGAGTCCCG	1
AAAGATCCCTC	2
AAAGCAACGCA	1
AAAGCCCCTCA	1
AAAGCCTTGCA	1
AAAGGCCCCCC	1
AAAGGCTAGGA	4
AAAGGCTAGGG	1
AAAGGGAAGCC	4
AAAGGGAGTCG	1
AAAGGGATGCG	2
AAAGGGGAGCC	1
AAAGGGTAATA	4
AAAGGTCCTCC	1
AAAGTCGAGCG	1
AAAGTGCTCTC	1
AAATAAAGGCA	1
AAATAAGCCGT	1
AAATAGTGGAG	1
AAATGGGGGCA	1
AAATTTTTATC	1
AACAAGCGGCA	1
AACAATGCTAC	3
AACAGACGGGT	1
AACAGCCCCTC	3
AACAGCCTCCA	5
AACAGCTCTCC	2
AACAGGACCCC	1
AACAGGATCCC	1
AACAGGATTCC	1
AACATGCCAAG	2
AACCAGACCCC	1
AACCAGGGACA	1
AACCAGGTCCC	1
AACCCAAGTAG	1
AACCCCCCACG	59
AACCCCCCATG	31
AACCCCCCGCG	42
AACCCCCCGTG	115
AACCCCTCACG	3
AACCCCTCGCG	1
AACCCCTCGTG	14
AACCGGACCTC	1
AACCGGATTCC	1
AACCGGGAGTC	1
AACCGGGGCGG	1
AACCGGTCCCC	2
AACCTCTCGTG	2
AACCTGGGCCC	1
AACCTTATCAT	1
AACGACTCCTC	6
AACGGAAGTCG	1
AACGGACCCCC	1
AACGGACCCCG	10
AACGGACTCCG	1
AACGGATCCCA	1
AACGGATCCCG	44
AACGGATTCCG	8
AACGGCAAATC	20
AACGGCACCCC	1
AACGGCCCCTC	4
AACGGCTCCCC	2
AACGGCTCCCT	5
AACGGCTCCTC	7
AACGGCTCTCC	4
AACGGGAGTCG	1
AACGGGTGCCG	3
AACGGGTGCGG	1
AACGGTCCCCC	1
AACGGTCCTCC	1
AACGTGGACCC	1
AACTCGGACCC	2
AACTCGGTCTC	2
AACTCTTGGGC	1
AACTGGGTCCC	4
AACTTGGTCTC	1
AACTTTTCTGT	1
AAGAGCAGGCA	1
AAGAGCCTCTT	1
AAGAGCGACCC	1
AAGAGTAGGCA	1
AAGAGTGACCC	3
AAGATCGGCCG	1
AAGCAAGTCCT	1
AAGCGGGCCCT	1
AAGCGGGTCTT	1
AAGGACCCCTC	34
AAGGACTCCCC	2
AAGGAGGACCC	1
AAGGCAGGACA	3
AAGGCAGGCAA	1
AAGGCCCCGCA	1
AAGGCGGACCC	4
AAGGGAGCTGG	1
AAGGGCAGGCA	1
AAGGTCACGCA	1
AAGGTCGGCGC	1
AAGGTCGGCTG	1
AAGTCTTCCCT	1
AATAAAAAACG	1
AATAAAACCCG	1
AATAAACAGCG	1
AATAAACAGTG	24
AATAAACGGAG	12
AATAAACTATG	4
AATAAAGCTAC	1
AATAAATAACG	2
AATAAATAATG	6
AATAAATAGCG	2
AATAAATAGTA	5
AATAAATAGTG	139
AATAAATATCG	1
AATAAATATTG	1
AATAAATGCCA	1
AATAAATGGAG	2
AATAAATTTCG	5
AATAACAAGTG	1
AATAACTAACG	1
AATAACTAATG	21
AATAACTAGTG	17
AATAAGAAATG	1
AATAAGAAGTG	1
AATAAGCCATG	1
AATAAGTAATG	1
AATAAGTAGTG	1
AATAAGTGATG	1
AATAATAAACG	6
AATAATAAATG	3
AATAATAACTG	1
AATAATAAGTG	1
AATAATAATCG	1
AATAATAGGCG	1
AATAATATAAG	1
AATAATCAACG	1
AATAATCCTTG	1
AATAATTAACG	1
AATAATTAATG	2
AATAATTAGTG	1
AATAATTATTG	1
AATACCTATCG	2
AATACTCTTTG	1
AATACTTAGCG	1
AATACTTAGTG	2
AATACTTATCG	5
AATACTTTTTG	3
AATAGACAGTG	2
AATAGACTTCG	1
AATAGAGCCAT	1
AATAGATAATG	2
AATAGATAGGC	3
AATAGATAGTG	2
AATAGATATCG	2
AATAGCTAGTG	2
AATAGCTATCG	2
AATAGGACCCC	1
AATAGGCACAT	1
AATAGGCTGTA	1
AATAGGTATCG	1
AATAGTCTCTG	1
AATAGTGCCGC	1
AATAGTTGCCA	1
AATAGTTTTCG	1
AATATAGAAGC	3
AATATATGCCA	2
AATATCATTCG	1
AATATTCTTCG	1
AATATTTGGCA	1
AATCATAGATG	1
AATCATCCTCA	2
AATCCAGTCCC	2
AATCGGACCCC	1
AATCGGAGATC	1
AATCGGGTCCT	1
AATCGGGTCTT	3
AATCGGTCCCC	10
AATCTGGTCTC	1
AATGAACAGTG	2
AATGAATAATG	2
AATGAATAGTG	14
AATGACTAATG	2
AATGACTCCTC	1
AATGATAAATG	1
AATGATAAGTG	1
AATGATTAAGG	1
AATGGAATAGC	2
AATGGACCTCG	1
AATGGATCCCG	11
AATGGCAAATC	2
AATGGCTCCCC	1
AATGGCTCCTC	4
AATGGGGGCCA	1
AATGGGTAACA	1
AATGTATCGCA	1
AATTAACAGCG	1
AATTAACAGTG	1
AATTAATAATG	2
AATTAATAGTA	1
AATTAATAGTG	4
AATTAATGCCA	1
AATTAATTACG	1
AATTACCAATG	1
AATTAGTGGAG	1
AATTATCTGTG	1
AATTATTGTGC	1
AATTCAGTTCC	2
AATTCGGAGCA	1
AATTCGGTCTT	1
AATTGGGGCCT	2
AATTGGGTCCC	3
AATTGGGTCCT	12
AATTGGTCCCC	3
AATTGGTCCTC	1
AATTGTAAATG	1
AATTGTGCCGC	2
AATTTAGCTCA	1
AATTTATGCCA	1
AATTTATGCCG	1
ACAAAGCCTCC	7
ACAAAGCTCCC	1
ACAAGGTCCCC	1
ACACTGGTCCT	1
ACAGACCCCTC	16
ACAGACTCCCC	1
ACAGAGAGGCC	17
ACAGAGCCCCC	3
ACAGCCCCGCA	1
ACAGCCCCTCA	4
ACAGCGGACCC	1
ACAGGATTCCG	1
ACAGGCACCCC	1
ACAGGGGAGCC	2
ACAGGGTGCAC	1
ACAGGTTCCTC	1
ACATAGTTGTT	1
ACATCGGTCTT	2
ACATGCCCCTT	1
ACATGCTAGTA	3
ACATTGGTACC	1
ACCAAGCGGCA	4
ACCAGCCCCTC	12
ACCAGCTCTCC	2
ACCAGGATCCC	4
ACCCGGACCCC	2
ACCCGGATCCC	2
ACCCGGGTCCC	1
ACCCGGGTCCT	1
ACCCGGTACGT	2
ACCCTATCATT	1
ACCGACCCCCC	2
ACCGACCCCTC	5
ACCGACTCCCC	1
ACCGACTCCTC	2
ACCGAGCCTCC	1
ACCGATCCTCC	2
ACCGGACCCCC	4
ACCGGACCCCG	12
ACCGGACCCCT	1
ACCGGACCTCG	1
ACCGGATCCCA	1
ACCGGATCCCG	2
ACCGGCAAATC	2
ACCGGCACCCC	7
ACCGGCCCCCC	2
ACCGGCGACAC	1
ACCGGCGGCAC	1
ACCGGCTCCCC	2
ACCGGCTCCTA	2
ACCGGCTCCTC	4
ACCGGGAGTCC	2
ACCGGGAGTCG	8
ACCGGGGACCT	2
ACCGGTCCCCC	2
ACCGGTTCCCC	1
ACCGTACGACA	4
ACCGTCTCCCA	1
ACCTAGGATCC	1
ACCTATCGGAG	12
ACCTGCCCCTC	1
ACCTTATCATT	7
ACCTTATTATT	1
ACGAGGACTCC	3
ACGAGGGGCCC	1
ACGCCGGCCCT	1
ACGCGGACCCC	1
ACGCGGACCTC	1
ACGGAAGTCGG	2
ACGGACCCCTC	17
ACGGCAAATCG	43
ACGGCAAGTCA	4
ACGGCACCGAA	1
ACGGCACTGAA	1
ACGGCGAATCA	7
ACGGCGAGTCA	9
ACGGCGGACCC	3
ACGGGAGTCGG	9
ACGGGCCTCCT	1
ACGGGCTGGCG	6
ACGGTGGACCC	3
ACGTAACTATT	2
ACGTGGACCTC	1
ACGTGGATCCC	1
ACTAAGCTCCT	2
ACTAATTAGTG	1
ACTAATTATCG	2
ACTAATTGGCA	1
ACTAGATGGAG	1
ACTAGCTCTCC	1
ACTAGGTGGAG	1
ACTAGTAAACG	1
ACTAGTAAGTG	1
ACTAGTAGGTG	1
ACTAGTGCCGC	2
ACTCAGTGGAG	1
ACTCCAGTCCC	3
ACTCGGACCCC	3
ACTCGGGTCCC	1
ACTCGGGTCTT	2
ACTCGGTCCCT	1
ACTGGAAGTCG	1
ACTGGATCCCG	3
ACTGGATCCTC	1
ACTGGATCTCG	1
ACTGGCACCCC	2
ACTGGCTCCTC	6
ACTGGTTCCCC	1
ACTTAGCGCTC	1
ACTTATAGATG	3
ACTTATGCCCC	4
ACTTGCCTCTC	1
ACTTGGGTCTT	1
ACTTGGTCCCC	1
ACTTGGTCCTC	3
ACTTGGTTTCC	18
ACTTGGTTTTC	1
ACTTTGTTATT	1
AGAAAGCTCTC	1
AGAAGCAGGCA	2
AGAAGCCCCTC	2
AGAAGCCCCTT	1
AGAAGCTCTCC	11
AGAATAAATTA	1
AGAATGATTAA	1
AGAATGCTCCT	2
AGACAAGGGCA	1
AGACCGGGACT	1
AGACGGGTACG	1
AGAGAGGAATC	2
AGAGAGGAATT	1
AGAGAGGTTGG	4
AGAGAGTCGGG	3
AGAGATCCTTC	3
AGAGCAACAAA	2
AGAGCCCCTCA	4
AGAGGACCCCG	2
AGAGGATTCCG	1
AGAGGCCGGTC	1
AGAGGCCTGTG	1
AGAGGCTCCCC	1
AGAGGCTGGAG	2
AGAGGCTGGCA	12
AGAGGCTGGCC	7
AGAGGCTGGCG	5
AGAGGCTGGCT	3
AGAGGCTGGTC	6
AGAGGCTGGTG	1
AGAGGGATGCG	2
AGAGGGTAATA	1
AGAGGTTCTCC	1
AGAGGTTGGCA	1
AGAGGTTGGCG	1
AGAGTGAAGCC	2
AGATAGTTGTT	1
AGATCGGCGAC	6
AGATCGGCGAT	1
AGATCGGCGCG	4
AGATCGGCGGC	3
AGATCGGCGGT	1
AGATCGGGCGA	1
AGATCGGTGAC	7
AGATGCAGGCA	1
AGATGGAGATC	1
AGATGGGATCA	1
AGATTGGCGGT	1
AGATTGGGCTT	1
AGCAAGCCGGT	1
AGCACCCCCCG	1
AGCAGCCCCCG	1
AGCAGCCCCTC	11
AGCAGCTCTCC	13
AGCAGCTTCTC	1
AGCAGGACTTC	1
AGCAGGATCTC	1
AGCAGGATTCC	1
AGCCAAGAGCG	1
AGCCAAGCCCT	2
AGCCAGGAACC	1
AGCCAGGACCC	2
AGCCAGGAGCC	1
AGCCAGGCCCT	1
AGCCAGGCCTT	1
AGCCAGGCTCC	1
AGCCAGGTACT	1
AGCCAGGTCCC	1
AGCCCCTCACG	26
AGCCCCTCGCG	10
AGCCCCTCGTG	107
AGCCCTCCGCG	2
AGCCGGACCCC	2
AGCCGGACCTC	1
AGCCGGGCCAG	4
AGCCGGGCCCC	29
AGCCGGGCCCT	10
AGCCGGGCCTC	1
AGCCGGGCCTT	1
AGCCGGGGTCT	2
AGCCGGGTCCC	29
AGCCGGGTCCG	2
AGCCGGGTCCT	37
AGCCGGGTCTG	4
AGCCGGGTCTT	3
AGCCGGTCCCC	15
AGCCGGTCTCC	6
AGCCTGGGCCC	2
AGCGACCCCTC	7
AGCGACCCTCG	3
AGCGACTCCCC	1
AGCGAGAGGCC	1
AGCGAGATCGC	1
AGCGATCCTCC	2
AGCGCCCCCCA	1
AGCGCCCCTCG	1
AGCGGAAGTCG	1
AGCGGACCCCG	4
AGCGGACCCCT	2
AGCGGACCTCG	2
AGCGGAGATCG	1
AGCGGATTCCG	3
AGCGGCAAATC	4
AGCGGCACCCC	2
AGCGGCCCCTC	1
AGCGGCCTCCC	1
AGCGGCTCCCC	2
AGCGGCTCCTC	15
AGCGGGAGTCG	2
AGCGGGTCTCC	2
AGCGGGTCTCT	4
AGCGGGTGCCG	1
AGCGGGTTGCC	2
AGCGGTTCCCC	1
AGCGGTTCCTC	1
AGCTAGATCCT	1
AGCTAGGTCTA	1
AGCTCCCCCGG	2
AGCTCGGACCC	2
AGCTGAAAATG	1
AGCTGGACCCT	1
AGCTGGATTCC	3
AGCTGGGCCAG	1
AGCTGGGCCCC	4
AGCTGGGCCCT	1
AGCTGGGTCCC	31
AGCTGGGTCCT	3
AGCTGGTCCCC	7
AGCTTGGAGCA	1
AGGAAGGCTGG	4
AGGAATGAACC	1
AGGAGAGCCGC	1
AGGAGAGTCCC	1
AGGAGATCGGC	1
AGGAGCAGGCA	2
AGGAGGAGCCG	1
AGGAGGCAGGC	2
AGGCAAGATTT	1
AGGCAAGGGCA	2
AGGCAAGTCCC	3
AGGCAAGTCCT	64
AGGCAAGTCTC	8
AGGCAAGTCTT	3
AGGCAGAGGCA	1
AGGCAGCCCTC	2
AGGCAGGACAA	13
AGGCAGGCGGC	8
AGGCAGGTGGC	8
AGGCCGACGGT	1
AGGCCGGAGCG	1
AGGCCGGCGGT	1
AGGCCGGTGAC	1
AGGCGAGGGCA	1
AGGCGATCTCC	1
AGGCGCCCCTC	1
AGGCGGTCCCC	9
AGGCGGTCCTT	1
AGGCTAGAGCA	2
AGGCTAGGACA	32
AGGCTAGGGCA	3
AGGCTGGCGCG	7
AGGCTGGCGGC	5
AGGCTGGCGTG	2
AGGCTGGGCGG	1
AGGCTGGTGGT	1
AGGCTGGTTTG	2
AGGGACCCCTC	32
AGGGAGGTTGG	5
AGGGCAAATCA	1
AGGGCCAGGCC	1
AGGGCGGACCC	1
AGGGCTACAGG	1
AGGGGATTACC	1
AGGGGTTGGAA	1
AGGGTATTCTC	5
AGGTCGGCAGC	2
AGGTCGGCGAC	1
AGGTCGGCGGC	13
AGGTCGGCGGT	2
AGGTCGGGGCG	1
AGGTGGGCACC	1
AGGTGTGCCGC	3
AGGTTGGCGCG	1
AGGTTGGTGGC	1
AGGTTGGTGGT	3
AGTAAGGTCCT	1
AGTAATGTCAT	3
AGTAGCCCCTC	1
AGTAGCGAACC	1
AGTAGCTCTCC	1
AGTAGGGAGTC	8
AGTATAGTCCA	1
AGTCAAGCCTT	1
AGTCAGGTCCC	3
AGTCGATCCGC	1
AGTCGGACCTC	1
AGTCGGCCCCC	1
AGTCGGGAACT	1
AGTCGGGCCCT	1
AGTCGGGTCCC	1
AGTCGGGTCCT	1
AGTCTAACCCA	1
AGTCTGACTCA	2
AGTCTGACTTA	2
AGTCTGCCCCT	1
AGTGCTTCTCG	1
AGTGGAAGTCG	4
AGTGGACCCCG	2
AGTGGACCTCG	1
AGTGGATCCCA	1
AGTGGATCCCG	3
AGTGGCAAATC	2
AGTGGCGACCC	4
AGTGGCGGCCC	3
AGTGGCGGTCC	1
AGTGGCTCCCC	1
AGTGGCTCCTC	9
AGTGGCTCTTC	1
AGTGGGCCCCG	1
AGTGGGCCCCT	1
AGTGGGGTCCC	2
AGTGGGTTCCC	1
AGTGGTCCCTC	1
AGTGGTCCTCC	2
AGTTAGGGAGC	1
AGTTAGTAAAC	1
AGTTAGTGCTC	1
AGTTGGACACC	1
AGTTGGGTCCC	1
AGTTGGGTCCT	1
AGTTGGGTCTT	1
AGTTGGTCCCC	3
AGTTGGTTCTC	1
ATAAAGCCTCC	4
ATAACTAATGG	2
ATAAGAGTAGG	3
ATAAGGCATGG	1
ATAAGGTATGC	4
ATAATAAACGG	2
ATAATATTTGG	1
ATAATGGAGCA	2
ATAATTATAAT	1
ATAATTGCACG	1
ATACGGGCCCT	2
ATACGGGTCCT	1
ATAGAGCCTCC	2
ATAGAGCCTTC	1
ATAGCATTGGA	6
ATAGCCCCTCA	1
ATAGCGGCACG	1
ATAGCGGGGTT	2
ATAGGGGAGCC	1
ATAGTAAAGCA	6
ATAGTAAGCGG	1
ATAGTCGTGTG	1
ATATAAGTCGG	1
ATATAGAGCCT	1
ATATAGAGGTA	1
ATATATGGCCA	1
ATATATGTGAG	1
ATATCTTATGG	1
ATATGGCCCGC	1
ATATGGCTCGC	1
ATATGGCTTTC	1
ATATGGGTCCT	1
ATCAAATTCTC	1
ATCAAGACGTA	1
ATCAAGCGGCA	1
ATCAGCCCCTC	22
ATCAGCCTCTT	2
ATCAGCTCTCC	8
ATCAGGACCCC	1
ATCAGGATCCC	1
ATCAGGTCTTC	1
ATCATACATGG	4
ATCATAGTCCA	6
ATCCCGGACCC	1
ATCCGCCCCTC	1
ATCCGGCCGCC	1
ATCCGGGACCC	1
ATCCGGGGCGG	1
ATCCGGGTCCC	1
ATCCGGTCCCC	1
ATCCTTGCGCG	1
ATCGACCCCTC	3
ATCGACTCCCC	1
ATCGAGAGGTT	1
ATCGAGAGTCG	1
ATCGAGCGGCA	2
ATCGAGGCAAG	1
ATCGATGGGCA	2
ATCGCAAGTCG	1
ATCGCAATTCG	1
ATCGCCCCCGT	1
ATCGGAAGTCG	1
ATCGGACCCCC	1
ATCGGAGATCG	4
ATCGGAGCAAC	4
ATCGGAGCGAC	1
ATCGGATCCCG	2
ATCGGATCTCG	1
ATCGGCAAATC	3
ATCGGCAAGCC	1
ATCGGCACCCC	9
ATCGGCAGTGC	1
ATCGGCCCCTC	2
ATCGGCGGTAC	2
ATCGGCTCCCC	1
ATCGGCTCCTC	4
ATCGGCTCTCC	2
ATCGGGACCCT	2
ATCGGGAGTCG	5
ATCGGGGCCTT	1
ATCGGTCGCCT	1
ATCGTAGTCAG	5
ATCGTGGACCC	1
ATCGTGGTCGG	4
ATCTAATGTCA	1
ATCTATCGGAG	1
ATCTCGGACCC	1
ATCTGGTCCCC	2
ATCTTAGCATT	1
ATCTTCTGGTG	1
ATGACTATTTA	1
ATGAGGACTCC	1
ATGAGGTCCTC	1
ATGATAAGGCA	1
ATGATTATTTA	4
ATGATTATTTC	1
ATGATTATTTT	2
ATGCAGGTCCC	1
ATGCCATCACA	1
ATGCCGTAATA	2
ATGCGGGCCCC	6
ATGCGGGCCCT	9
ATGCGGGTCCT	29
ATGGACCCCTC	1
ATGGCAAGTCA	2
ATGGCCCCGCA	2
ATGGCGAGTCA	1
ATGGCGGACCC	1
ATGGGAGCTGG	1
ATGGGAGTCGG	3
ATGGGCTGGCG	2
ATGTGCCCCTT	1
ATGTGCTAGTA	1
ATGTGGATCCT	1
ATGTGGGCCCC	7
ATGTGGGCCCT	1
ATGTGGGTCCT	1
ATGTTGGTCCT	2
ATTAAAGTCCA	1
ATTAAGCCTTC	2
ATTAATAACGG	1
ATTACGCCTCT	2
ATTACGCGGTA	1
ATTAGAGCCAT	1
ATTAGGACTTC	1
ATTAGGTGGAG	2
ATTATAGAGCC	1
ATTATAGTCCA	1
ATTATATGCCA	1
ATTATTAAACA	1
ATTCAGGGGCA	1
ATTCCGGAGCA	1
ATTCGGGTCCT	1
ATTCGGGTCTC	3
ATTCGGTCCTC	1
ATTCTGGAGCA	1
ATTCTGGTCTT	1
ATTGAGGTCTG	1
ATTGCCGTTGC	1
ATTGCGAGTCG	1
ATTGCGATTTG	1
ATTGGAAGTCG	1
ATTGGAGCAAC	1
ATTGGATCCCG	1
ATTGGCAAATC	1
ATTGGCGGTGG	1
ATTGGGGAAGT	1
ATTGGGGGCTT	1
ATTGGGTGAGC	1
ATTTAGAACCA	2
ATTTAGAGCCG	2
ATTTGCCGTTA	1
ATTTGCTAGCA	1
ATTTGGGCTCG	4
ATTTGGGTCCT	2
ATTTGGGTCTC	1
ATTTGGGTCTT	2
ATTTGGTCCCC	1
ATTTGGTCCTC	2
CAAAAGCTCCC	1
CAAAGCCCCTC	3
CAAAGGACCCC	1
CAAAGGTATGC	1
CAACAGATTCT	11
CAACAGGCTTT	1
CAACCCCCACG	2
CAACCCCCCAC	1
CAACCCCCCAT	2
CAACCCCCCGC	4
CAACCCCCCGT	5
CAACCCCCGTG	5
CAACCCCCTCG	1
CAACCTCCTGT	1
CAACGATTACC	1
CAAGACCCCTC	1
CAAGACTCCTC	1
CAAGAGCCTCC	4
CAAGAGTGTGC	1
CAAGCATCATC	4
CAAGCCAAGAC	2
CAAGCCACTCG	18
CAAGCCCCCCA	1
CAAGCCCCCCG	2
CAAGCCCCTCA	41
CAAGCCCCTCG	2
CAAGCCGCTCG	3
CAAGCCGGACG	19
CAAGCCGGGCG	5
CAAGCCTCTCG	1
CAAGCGAAGCC	2
CAAGCGGCACG	1
CAAGCTCCCCA	1
CAAGGACCTCG	1
CAAGGCCCCCC	3
CAAGGGTGCGT	1
CAAGGGTGTAC	1
CAAGGGTGTGC	1
CAAGGTCCCCG	3
CAAGGTCCTCC	1
CAAGGTCTCTC	3
CAAGGTTCCCC	1
CAAGGTTCCTC	3
CAAGGTTCTCC	4
CAAGGTTGTAC	2
CAAGTCCTACA	1
CAATAAAAGTC	1
CAATACTAGTT	1
CAATAGGTTTT	1
CAATATGTATT	1
CAATATTTGTT	1
CAATCATCCTT	1
CAATGGAAACT	1
CAATGGACCCC	1
CAATGGCAAAT	2
CAATGGGTTCG	1
CACAAGACGGG	1
CACAGCCCCTC	50
CACAGCCTCCG	1
CACAGCTCTCC	11
CACAGGATTCC	1
CACCAAGGGCA	1
CACCCCCCGTG	47
CACCCCTCGTG	6
CACCGGACCCC	9
CACCGGACTCC	1
CACCGGCGGCA	5
CACCGGTCCCC	28
CACCGGTCTCC	1
CACCGGTCTTC	5
CACCTCCCGTG	151
CACCTCTCGTG	2
CACGACCCCTC	9
CACGACTCCCC	1
CACGCCCCTCA	1
CACGCCCCTCG	3
CACGGACCCCA	2
CACGGACCCCC	1
CACGGACCCCG	63
CACGGACCCCT	5
CACGGACCTCG	3
CACGGACTCCA	1
CACGGACTCCG	14
CACGGAGATCA	1
CACGGAGATCG	3
CACGGATCCCA	6
CACGGATCCCG	31
CACGGATTCCA	1
CACGGCACCCC	3
CACGGCCCCCC	1
CACGGCCCTCC	1
CACGGCTCCCC	17
CACGGCTCCTC	12
CACGGCTCTCC	28
CACGGGAGTCG	8
CACGGGCAGTG	1
CACGGGTCCCC	5
CACGGTCTCCC	1
CACGGTTCCCC	1
CACTAGGCCCT	1
CACTCCCCGTG	2
CACTGCCCCTC	1
CACTGGACCCC	1
CACTGGATCCC	2
CACTGGGTCCC	1
CACTGGGTCGG	1
CACTGGTAGCC	1
CACTGGTCCCC	1
CACTGGTCTCC	1
CACTGGTTCCC	1
CACTGGTTCTC	1
CAGAAGCCCCC	1
CAGAATCCTCG	7
CAGAGCCCCTC	20
CAGAGCTCTCC	1
CAGATTTTATA	1
CAGCCCCCGTG	2
CAGCCCTCATG	1
CAGCCTGTGCG	1
CAGCGGATCCC	1
CAGCGGGTCTT	1
CAGGACCCCTC	22
CAGGCCGGACG	1
CAGGCCGGGCG	1
CAGGGAAACCG	1
CAGGGAGGTTG	1
CAGGGGTCCCC	4
CAGTGCAGGCA	5
CAGTGGTCCCT	1
CATAATTGCCA	2
CATACGCCTCC	5
CATAGCCCCTC	6
CATAGCTATCA	1
CATAGGTTTCC	5
CATAGTCCCCC	1
CATATATATGA	1
CATATCTATTG	1
CATCAGGAACC	1
CATCAGGAATC	3
CATCGGACCCC	3
CATCGGACCTC	1
CATCGGGTCCC	1
CATCGGTAACT	2
CATCGGTAGCT	26
CATCGGTCCCC	611
CATCGGTCCCG	1
CATCGGTCCCT	5
CATCGGTCCTC	17
CATCGGTCTCC	5
CATCGGTGCCT	4
CATCGGTTCCC	1
CATCGGTTCTC	1
CATGACTCCCC	1
CATGATTATTT	1
CATGCCCCGAG	1
CATGCGATTCG	4
CATGGAAGGCT	1
CATGGACCCCG	29
CATGGACCTCA	1
CATGGATCCCG	4
CATGGCTAGTA	1
CATGGCTCCCC	2
CATGGCTCCTC	1
CATGGCTCTCC	1
CATGGGTCCCC	2
CATGGGTCCGC	1
CATGGGTCCGT	1
CATGGGTCCTC	5
CATGGGTTCTC	3
CATGGTTCCTC	1
CATGTGCTAGT	5
CATTAAAACAT	1
CATTAAGAGCC	1
CATTAGCATTA	1
CATTAGCATTT	1
CATTAGGGCTC	1
CATTCGTCCTC	1
CATTGATTACC	1
CATTGGAATAT	1
CATTGGATCCC	12
CATTGGCAAAT	1
CATTGGGAACC	1
CATTGGGGCTT	1
CATTGGGTCCC	2
CATTGGGTCCT	3
CATTGGTACAG	2
CATTGGTAGCC	117
CATTGGTAGCT	6
CATTGGTCACC	1
CATTGGTCCCC	36
CATTGGTCCCT	1
CATTGGTCCTC	120
CATTGGTCTCC	4
CATTGGTGCCC	7
CATTGGTGCCT	93
CATTGGTGCTC	1
CATTGGTGTCT	2
CATTGGTTCCC	3
CATTGGTTCTC	12
CATTGGTTTCC	5
CATTTGGTTCC	1
CCAAGCCCCTC	1
CCAAGCTCTCC	1
CCAAGGAAGCC	3
CCAAGGACCCC	2
CCAAGGACCTC	1
CCAAGGCCTCC	1
CCAAGGTCCCC	9
CCACCTTTAAT	1
CCACGGACCCC	5
CCACGGATCCC	4
CCACGGATCTC	1
CCACGGGCCCC	1
CCACTGGTTCC	1
CCAGACACCCC	1
CCAGACCCCCC	2
CCAGACCCCTC	54
CCAGAGAAGCC	1
CCAGAGCCTCC	1
CCAGATCCCCC	1
CCAGATCCCTC	3
CCAGATCTCCG	2
CCAGCCCCTCA	78
CCAGCCCCTCG	6
CCAGCCTCTCG	4
CCAGGCACCCC	2
CCAGGCTCCTC	3
CCAGGGAAGCC	1
CCAGGGGAGCC	2
CCAGGGTCCCC	22
CCAGGGTCCCT	1
CCAGGTCCCCC	1
CCAGGTCCTCC	1
CCAGTATATTT	1
CCAGTCCGCTA	2
CCAGTGGGTGC	1
CCATGGACCCC	2
CCATGGATCCC	1
CCCAGCCCCCC	1
CCCAGCCCCTC	95
CCCAGCCTCCA	2
CCCAGCTCTCC	11
CCCAGGATCCC	1
CCCAGGATCTC	1
CCCAGGTCCCG	1
CCCAGTTAAAG	1
CCCCAGGCCCG	10
CCCCCGGTCCA	28
CCCCCGGTCCG	2
CCCCGGACCCC	2
CCCCGGGCTCC	1
CCCCGGGTCCA	1
CCCCGGTCCTC	16
CCCGAAGGTTA	1
CCCGACCCCCC	4
CCCGACCCCTC	21
CCCGACTTCCC	1
CCCGATCCTCC	2
CCCGCAAGCAC	1
CCCGCAAGTCA	1
CCCGCTGGTAA	1
CCCGGAAGACT	1
CCCGGAAGTCG	5
CCCGGACCCCC	8
CCCGGACCCCG	30
CCCGGACCCCT	7
CCCGGACCTCG	1
CCCGGACTCCC	8
CCCGGAGAGGG	1
CCCGGAGATCG	7
CCCGGAGCGGC	1
CCCGGATCCCG	6
CCCGGATCCTC	2
CCCGGATCTCG	1
CCCGGATTCCG	1
CCCGGCAAATC	1
CCCGGCAAGCC	2
CCCGGCACCCC	21
CCCGGCCCCAC	4
CCCGGCCCCCC	1
CCCGGCCCCTC	93
CCCGGCCCTCC	1
CCCGGCGGCAC	3
CCCGGCTCCCC	48
CCCGGCTCCTC	6
CCCGGCTCTCC	4
CCCGGCTTCCC	3
CCCGGGAGCCG	1
CCCGGGAGTCG	23
CCCGGGCAGCA	1
CCCGGGCGGCA	1
CCCGGGTCCCC	1
CCCGGGTCCCG	3
CCCGGTCCCCC	1
CCCGGTCCTCC	1
CCCGGTTCCCC	1
CCCGGTTCCTC	2
CCCGTCCCTCA	11
CCCGTCGGCCC	1
CCCGTCGGTCC	1
CCCGTCTCCCA	9
CCCGTGGACCC	2
CCCTAGACCCC	1
CCCTCGGTCTG	1
CCCTGGACCCC	2
CCCTGGATCCC	2
CCCTGGCACTG	1
CCCTGGTCCCC	1
CCCTGGTCCTC	121
CCCTGGTTCTC	3
CCCTTAGGACA	1
CCCTTAGGGGA	5
CCCTTGGTTCC	2
CCGAAAGGCTA	16
CCGAAAGGCTG	1
CCGAAGCCTCC	2
CCGACGGACCC	1
CCGAGAGATTG	2
CCGAGAGGCTA	1
CCGAGGACCCC	1
CCGCAAGCTGA	1
CCGCAAGGCTA	3
CCGCAAGTCGA	1
CCGCCATGCAA	4
CCGCCGGCCCC	2
CCGGAAGGCTG	2
CCGGAAGTCGG	1
CCGGACCCCCC	4
CCGGACCCCTC	30
CCGGATCCTCC	1
CCGGCAAAGGG	2
CCGGCAAATCA	1
CCGGCAAATCG	2
CCGGCAAATCT	1
CCGGCAAGTCA	1
CCGGCAGAGGG	1
CCGGCAGGGGC	2
CCGGCGAATCA	8
CCGGCGAGTCA	42
CCGGCGGCACG	10
CCGGGAACCCC	3
CCGGGAACCCG	5
CCGGGAGAGCA	1
CCGGGAGCCGG	3
CCGGGAGTCGG	247
CCGGGCCCCTC	1
CCGGGGAACTC	1
CCGGGGAACTT	1
CCGGGGAAGCC	1
CCGGGGAGCTC	1
CCGGGGATATT	1
CCGGGGATCTT	3
CCGGGTGTCAG	1
CCGGTGGGCTT	1
CCGTAAGGCTA	1
CCGTCGGCCCC	309
CCGTCGGCCTC	9
CCGTCGGCTCA	1
CCGTCGGTCCC	46
CCGTCGGTTCC	1
CCGTCGGTTCT	1
CCGTGAACCCG	1
CCGTGAGGCGG	1
CCGTGGACCTC	1
CCGTTGGCCCC	4
CCGTTGGCCTC	2
CCGTTGGTCTC	1
CCTAATAGGCA	1
CCTAGCCTCTC	1
CCTAGCTACTA	1
CCTAGGACCCG	18
CCTAGGGCCCG	1
CCTAGGTCCCC	1
CCTCAGGTCCC	1
CCTCCGGTCCG	1
CCTCCTCTCGC	1
CCTCGGAGATC	2
CCTCGGATCCC	4
CCTCTAGACCT	9
CCTGACACCCC	1
CCTGACTCCCC	4
CCTGAGATCGC	1
CCTGAGATCGT	1
CCTGGACCCCG	1
CCTGGATCCCG	1
CCTGGCCCCAC	5
CCTGGCCCCTC	2
CCTGGCTCCCC	3
CCTGGGACCCG	1
CCTGGGAGTCG	4
CCTGGGCAGCG	1
CCTGGTCCCCC	1
CCTGGTTCCCC	3
CCTGTAAGGCA	1
CCTGTCGGCCC	2
CCTGTCGGCCT	1
CCTTAGGGGAT	10
CCTTAGGGTTT	1
CCTTAGTTCTC	1
CCTTCGGCCCC	1
CCTTGAGACAA	3
CCTTGAGGCAA	1
CCTTGCAACCC	1
CCTTGCCATTA	1
CCTTGCCTCTC	1
CCTTGGACCCC	4
CCTTGGAGATC	11
CCTTGGATCCC	1
CCTTGGGCCCT	1
CCTTGGTCCTC	28
CCTTGGTTCTC	12
CCTTTAGACCT	11
CGAAAGACCAT	1
CGAAAGGCCTT	4
CGAAAGGCTAG	2
CGAAGCCCCCC	1
CGAAGCCCCTC	40
CGAAGCTCCTC	2
CGAAGCTCTCC	5
CGAAGCTGGTG	3
CGAAGGACCCC	5
CGAAGGATCCC	2
CGAAGGCCCCC	1
CGAATGGGCCG	2
CGAATGGGCTG	1
CGAATGGGCTT	1
CGACAGATCCT	1
CGACAGGCCCT	3
CGACGGACCCC	1
CGACGGATCTC	3
CGACGGGCCCC	1
CGACGGGGCCT	2
CGACGGGTCCC	1
CGACTGCCCCC	1
CGAGAAGTTGG	2
CGAGACCCCCT	1
CGAGACCCCTC	4
CGAGAGACTGG	1
CGAGAGAGTCG	2
CGAGAGATCGG	3
CGAGAGATTGG	2
CGAGAGGCCGG	1
CGAGAGGCTGG	21
CGAGAGGTCGG	2
CGAGAGGTTGC	2
CGAGAGGTTGG	349
CGAGAGGTTGT	1
CGAGAGTCGGA	1
CGAGAGTCGGG	6
CGAGCCCCCCG	6
CGAGCGGCACG	2
CGAGGACCCCA	1
CGAGGACCCCG	3
CGAGGCCCCTC	2
CGAGGCTCCCC	5
CGAGGCTCCTC	31
CGAGGCTCTCC	6
CGAGGGAAACC	1
CGAGGGAAGCC	4
CGAGGGAGGCC	2
CGAGGGATCGG	1
CGAGGGGCCAG	1
CGAGGGGCCCC	1
CGAGGGGCCCT	2
CGAGGGGCCGG	1
CGAGGGGCTGG	1
CGAGGGGTCCC	2
CGAGGGGTTGA	1
CGAGGGGTTGG	31
CGAGGGTAAAC	2
CGAGGGTACAC	1
CGAGGGTATGC	2
CGAGGTCCCCC	3
CGAGTCCCTCG	1
CGATGGACCCC	18
CGATGGGGACT	1
CGATGGGGCCT	7
CGATGGGGTCT	2
CGATGGGTGCG	1
CGATGGGTTCG	3
CGATGGTCCTC	6
CGCAAGACGGG	1
CGCAAGCCGGT	1
CGCAAGGACGA	1
CGCAAGGCATG	1
CGCAAGGCCAA	2
CGCAAGGCCGG	1
CGCAAGGCCTT	17
CGCAAGTCAGA	1
CGCAAGTCAGG	2
CGCAAGTCGAT	1
CGCAAGTCGGG	4
CGCAATGATAA	2
CGCAATTATTT	1
CGCAGACCCCT	1
CGCAGCCCCCC	5
CGCAGCCCCTC	502
CGCAGCCTCCT	1
CGCAGCTCCCC	3
CGCAGCTCTCC	12
CGCAGGACCCC	5
CGCAGGATCCC	13
CGCAGGATCTC	7
CGCAGGATTCC	7
CGCAGGCAGGC	6
CGCAGGCATCC	1
CGCAGTCCCCC	1
CGCCAGAGACT	1
CGCCAGGGCCC	1
CGCCAGGGGCG	1
CGCCAGGTCCT	1
CGCCCCTCGTG	1
CGCCGGACCCC	3
CGCCGGACCTC	1
CGCCGGCCCCC	1
CGCCGGCGGCA	2
CGCCGGGGTCT	1
CGCCGGGTCCC	3
CGCCGGGTCTT	1
CGCCGGTCCCC	38
CGCCGGTCCTC	3
CGCCGGTGCCC	2
CGCCGGTGCCT	7
CGCCGGTTTCT	1
CGCGACCCCCC	4
CGCGACCCCTC	32
CGCGACCTCCC	2
CGCGAGACGAC	1
CGCGAGACGGC	5
CGCGAGAGATT	1
CGCGAGAGTCG	2
CGCGGAAGGCT	1
CGCGGAAGTCG	23
CGCGGACCCCG	6
CGCGGACCTCG	16
CGCGGACTCCG	6
CGCGGAGATCG	1
CGCGGAGCTGG	1
CGCGGATCCTC	1
CGCGGCACCCC	1
CGCGGCCCCCC	1
CGCGGCCCCTC	23
CGCGGCTCCCC	21
CGCGGCTCCTC	5
CGCGGGAGCCG	4
CGCGGGAGCGC	1
CGCGGGAGCTG	1
CGCGGGAGGCC	2
CGCGGGAGTCC	1
CGCGGGAGTCG	254
CGCGGGCCCCT	1
CGCGGGCCTCC	10
CGCGGGTCCCA	1
CGCTCAGACCC	1
CGCTGGACCCC	16
CGCTGGCGCCT	1
CGCTGGGCCCC	1
CGCTGGGTCCT	4
CGCTGGGTTCT	1
CGCTGGTAGCC	2
CGCTGGTCCCC	18
CGCTGGTCCTC	1
CGCTGGTCCTT	2
CGCTGGTGCCC	5
CGCTGGTGCCT	13
CGCTGGTGGCT	32
CGCTGGTTACT	1
CGCTGGTTCTC	2
CGGAACCCGGA	1
CGGAAGCCCCT	2
CGGAAGGCTGG	2
CGGAAGTCGGG	3
CGGACCCCCCG	1
CGGACCCCTCG	4
CGGAGACCGGC	4
CGGAGATCGGC	48
CGGAGATCGGT	9
CGGAGCCCCCC	1
CGGAGCCCCTC	299
CGGAGGACCCC	6
CGGAGGCCAGC	1
CGGAGGCTGGC	2
CGGAGGTCCCC	1
CGGCAAACTGG	1
CGGCAAGGCTT	4
CGGCAAGTCAG	3
CGGCAAGTCCC	97
CGGCAAGTCCT	1399
CGGCAAGTCTT	101
CGGCAAGTTCT	22
CGGCAGGCCCT	12
CGGCAGGCCTT	1
CGGCAGGTCAT	4
CGGCAGGTCTC	19
CGGCAGGTCTT	75
CGGCGAGCACA	1
CGGCGAGCGCA	1
CGGCGAGTCAG	1
CGGCGAGTTCT	4
CGGCGGGTCCC	1
CGGCGGGTCCT	4
CGGCTAGGGCA	1
CGGGACCCCTC	1
CGGGAGAGCCA	2
CGGGAGAGCCG	7
CGGGAGATCCG	1
CGGGAGATCGG	8
CGGGAGCCGAG	3
CGGGAGCCGGG	2
CGGGAGGCCGG	1
CGGGAGGCTGG	2
CGGGAGGTCGT	2
CGGGAGGTTGG	26
CGGGAGTCGGG	42
CGGGAGTCGGT	1
CGGGAGTGCCA	2
CGGGAGTGCCG	1
CGGGCAGTCCC	1
CGGGCGTCCGT	4
CGGGGACTCCC	1
CGGGGGGTTGG	38
CGGGTGGGCCT	1
CGGTAGATTCT	2
CGGTCAGCCTT	3
CGGTCAGGTCC	1
CGGTGAGGCGG	2
CGGTGGACCCC	10
CGGTGGACGGC	1
CGGTGGCCGGC	1
CGTAACTATTC	1
CGTAAGCGCTC	1
CGTAAGGCCAG	1
CGTAAGGCCAT	1
CGTAAGGCCCT	2
CGTAAGGCCTG	1
CGTAAGGCCTT	30
CGTAGCCCCTC	40
CGTAGCCTCTC	2
CGTAGCTCTCC	1
CGTAGTCAGTA	1
CGTCAAGAGCT	1
CGTCAAGGGCT	1
CGTCAGAGCTG	1
CGTCAGGGACC	7
CGTCAGGGACT	3
CGTCAGGGGCC	7
CGTCAGGGGCT	1
CGTCAGGTCTT	1
CGTCGCGTCCC	1
CGTCGGACCCC	2
CGTCGGACCTC	23
CGTCGGCCCCC	1
CGTCGGCCTCC	2
CGTCGGCGCCT	1
CGTCGGCTACC	2
CGTCGGGACTT	1
CGTCGGGGCTT	1
CGTCGGGTCCT	1
CGTCGGTCCCC	174
CGTCGGTCCCT	5
CGTCGGTCCTC	99
CGTCGGTGCCC	11
CGTCGGTGCCT	2
CGTCGGTGCTC	1
CGTCGGTTCCC	2
CGTCGGTTCCT	1
CGTCGGTTCTC	6
CGTCGGTTGCC	3
CGTCGGTTTCT	10
CGTCTGTCCCC	3
CGTGACCCCTC	2
CGTGAGAGGCT	1
CGTGAGATCGC	2
CGTGATCCCTC	4
CGTGCCCCTCG	1
CGTGCCTCTTA	1
CGTGGAAGGCC	1
CGTGGACCCCA	5
CGTGGACCCCG	123
CGTGGACCTCA	1
CGTGGACCTCG	32
CGTGGATCCCG	4
CGTGGCCCCTC	1
CGTGGCTCCCC	4
CGTGGCTCCTC	1
CGTGGCTTCCC	1
CGTGGGAGTCG	8
CGTGGGCGCTC	1
CGTGGGTCCTC	1
CGTGGGTGCTC	8
CGTGGTCCTCC	1
CGTGGTTCCTC	1
CGTTAAGGCTA	1
CGTTAGGCCAT	9
CGTTAGGCCGT	2
CGTTAGGCCTT	3
CGTTAGTCTAT	1
CGTTAGTTCTC	1
CGTTATGGCTA	8
CGTTCAGACCC	1
CGTTCATGTTC	1
CGTTCGTCCCC	2
CGTTGGACCCC	10
CGTTGGACCTC	2
CGTTGGCAAAT	1
CGTTGGCATCC	2
CGTTGGCGCCT	23
CGTTGGGACTT	1
CGTTGGGTCCT	1
CGTTGGGTCTT	1
CGTTGGTAGCC	3
CGTTGGTCCCC	1
CGTTGGTCCCT	1
CGTTGGTCCTC	34
CGTTGGTGCCT	2
CGTTGGTGCTC	3
CGTTGGTTCCC	4
CGTTGGTTCTC	13
CGTTTGTCACC	5
CTAAGGGCAGC	1
CTAAGTGCCGC	1
CTACCCTCGCA	1
CTACGGATCCC	4
CTAGACCCCCC	1
CTAGCAGGCCT	1
CTAGCCCCTCA	3
CTAGCGGCACG	46
CTAGGAGAGCC	1
CTAGGAGAGTC	1
CTAGGATCCCA	1
CTAGGATTCCC	1
CTAGGCTCCTC	1
CTAGGGACCTT	1
CTAGGGTCCCC	76
CTAGGGTCCCT	10
CTAGGGTCCTC	4
CTAGGGTTCCT	1
CTAGTGGTACA	2
CTATATCAATA	1
CTATCGGAGCA	4
CTATGGTCCCC	1
CTATGGTCCTC	1
CTCAAGCGGCA	11
CTCAAGTTATT	1
CTCAGCCCCTC	81
CTCAGCTCCCC	1
CTCAGCTCTCC	17
CTCAGGTCCTC	4
CTCAGTTTATC	1
CTCCAAGCCTC	1
CTCCACAAGTG	1
CTCCGGACCCC	1
CTCCGGGCCCC	8
CTCCGGGCTCC	4
CTCCGGTCCCC	10
CTCCGGTCCCT	3
CTCCGGTCCTC	3
CTCCGGTCTCT	1
CTCCGGTTCTC	2
CTCCGGTTCTT	1
CTCGACCCCCC	2
CTCGACCCCTC	2
CTCGACTCCCC	1
CTCGAGACGGC	2
CTCGAGAGGTT	2
CTCGAGCTGGG	1
CTCGAGGCAAA	1
CTCGATCCCCC	1
CTCGCATCCCC	2
CTCGCCCCTCA	1
CTCGCGTCCCC	1
CTCGCGTCCTC	1
CTCGCTCCCCG	1
CTCGGAAGCCG	1
CTCGGAAGGTC	1
CTCGGAAGTCG	18
CTCGGACCCCA	1
CTCGGACCCCG	36
CTCGGACCCCT	5
CTCGGACCTCG	5
CTCGGACTCCC	1
CTCGGAGATCG	66
CTCGGATCCCA	1
CTCGGATCCCG	17
CTCGGATCTCG	3
CTCGGCACCCC	3
CTCGGCCCCCC	3
CTCGGCCCCTC	20
CTCGGCTCCCC	9
CTCGGCTCCTC	5
CTCGGCTCTCC	27
CTCGGGAGTCG	7
CTCGGGCCCCC	3
CTCGGGTCCCC	2
CTCGGGTCCTC	1
CTCGGTCCCCC	2
CTCGGTCCTCC	1
CTCGGTTCCCC	4
CTCGGTTCCTC	1
CTCGTGAGGCA	1
CTCTGGACCCC	1
CTCTGGCACTG	1
CTCTGGTCCCC	4
CTCTGGTCCCT	2
CTCTGGTCCTC	72
CTCTGGTCCTT	1
CTCTGGTTCCC	1
CTCTGGTTCTC	9
CTCTTAGACCT	14
CTCTTGGAGCA	1
CTCTTGGTTCC	7
CTGAGGACCCC	1
CTGCCGGTCCC	3
CTGCCTCCGCG	1
CTGCGGGGCTC	1
CTGCTCCTACG	1
CTGCTGCTGCA	2
CTGCTGTAGCT	1
CTGGACCCCTC	4
CTGGCAAACGG	2
CTGGCACTGAC	1
CTGGCGAATCG	1
CTGGCGAGTCA	1
CTGGCGGACCC	1
CTGGGAGTCGG	11
CTGGGGAAGCC	1
CTGGGGACCTC	2
CTGTCGGCCCC	14
CTGTCGGTCCC	1
CTGTGGTCCCC	2
CTGTTAGACCT	1
CTGTTAGATCT	1
CTGTTGGCCTC	1
CTTACAAGGTA	1
CTTACAGACTT	1
CTTACGCCTCC	2
CTTAGCCCCTC	1
CTTAGCTACTA	1
CTTAGGGCAAT	29
CTTAGGGTTTT	2
CTTAGGTCCTC	67
CTTAGGTTCTC	1
CTTATAGACCT	2
CTTATAGACTT	1
CTTATGAGGTA	1
CTTATGTCATT	3
CTTATTGGGCA	3
CTTCGGGCAAT	1
CTTCGGGGCGG	1
CTTCGGTCCCC	5
CTTCGGTCCCT	1
CTTCGGTCCTC	1
CTTCGGTCTCC	1
CTTCTAGACCT	22
CTTCTAGCCCT	1
CTTCTGGTTTC	2
CTTGACCCCTC	1
CTTGAGACAAA	1
CTTGAGAGGTT	3
CTTGAGATCGC	2
CTTGATGGGCA	1
CTTGATTCCCC	1
CTTGCAGACCT	1
CTTGCAGACTT	4
CTTGCCATTAC	6
CTTGCGCCAGC	2
CTTGCTACTAC	1
CTTGCTACTGC	1
CTTGGAAGTCA	1
CTTGGAAGTCG	3
CTTGGACCCCA	1
CTTGGACCCCG	10
CTTGGATCCCG	1
CTTGGATCCTC	1
CTTGGCAAATC	1
CTTGGCCCCTC	2
CTTGGCTCCCC	2
CTTGGCTCCTC	1
CTTGGGAGTCG	6
CTTGGGGCAAT	1
CTTGGGTCCTC	1
CTTGGTTAACA	1
CTTGGTTCCCC	3
CTTGGTTCCTC	1
CTTGTATCCCC	1
CTTGTCACTAC	1
CTTGTGGTCGG	14
CTTTCGGAGCA	1
CTTTCGGGCCC	1
CTTTGGGACCT	1
CTTTGGGCAAT	1
CTTTGGGCTTC	1
CTTTGGTCCCC	2
CTTTGGTCCCT	8
CTTTGGTCCTC	10
CTTTTAGACCT	7
CTTTTAGCTAT	1
CTTTTGGAGCA	1
GAAAGACAAAG	3
GAAAGACCGTA	1
GAAAGACCTTA	2
GAAAGACCTTG	6
GAAAGGAAGCC	2
GAAAGGCCACA	1
GAAAGGCCATA	2
GAAAGGCCATG	3
GAAAGGCCCTA	1
GAAAGGCCCTG	1
GAAAGGCCTTA	5
GAAAGGCCTTG	9
GAAAGGCTAAG	2
GAAAGGCTAGG	1
GAAAGGGGCCC	1
GAAAGGTCATA	1
GAAAGGTCTTG	3
GAAAGTCACGA	1
GAAAGTGGCCC	1
GAACGGGCCTG	1
GAACGGGCTTG	3
GAACGGTCCCC	1
GAACTGGACCC	12
GAACTGGATCC	1
GAACTGGCCCC	6
GAAGACCCCTC	5
GAAGACTCCTC	1
GAAGACTGGCG	2
GAAGATCGGCC	5
GAAGCATCGTC	1
GAAGCATCTTC	2
GAAGCATTAAT	1
GAAGCCCCGCA	1
GAAGCCCCTCA	12
GAAGCCCCTCG	1
GAAGCCGGGCG	2
GAAGCTCCCCG	1
GAAGCTCTCCG	1
GAAGGACCCCG	2
GAAGGCCCCCC	1
GAAGGCCGGCC	6
GAAGGCCGGCG	12
GAAGGCCGGTC	11
GAAGGCCGGTG	1
GAAGGCTCCTC	1
GAAGGCTGGCA	2
GAAGGCTGGCG	26
GAAGGCTGGTG	3
GAAGGGCTACA	1
GAAGGTCCCCC	7
GAAGGTCCCTC	1
GAAGGTCGGCG	17
GAAGGTCGGCT	1
GAAGGTCGGTG	3
GAAGGTTCCCC	6
GAAGGTTCCTC	1
GAAGGTTGCCG	1
GAAGGTTGGCA	6
GAAGGTTGGCG	2
GAAGGTTGGCT	1
GAAGGTTGGTG	10
GAAGTCCCCCG	1
GAAGTCGGCGG	1
GAATAAAAGTG	1
GAATAAAGGCA	1
GAATAATTATG	1
GAATCAGGCAT	1
GAATCATCCTC	1
GAATCGGACCC	1
GAATCGGGCAT	1
GAATCGGTCTC	1
GAATGGGCTAG	3
GAATGGGCTCG	1
GAATGGGCTGG	2
GAATGGGCTTG	2
GAATGGGTATG	15
GAATGGTCCCC	1
GAATTGATGTT	1
GACAAGACTTC	1
GACAGCCCCCC	2
GACAGCCCCTC	37
GACAGCCTCTC	2
GACAGCTCTCC	13
GACAGGATCCC	3
GACAGGATCTC	2
GACAGGATTCC	10
GACAGGCCCCC	4
GACAGGTCGGA	1
GACAGTGCCGC	1
GACAGTGGCTC	1
GACCAGAGGCA	1
GACCAGATGCC	3
GACCATATGAC	2
GACCCAGCCTC	1
GACCCGGACTC	7
GACCCGGACTT	4
GACCGGAGGCA	1
GACCGGCCGCT	1
GACCGGGCCCT	2
GACCGGGTCCT	11
GACCGGTCCCC	3
GACCGGTCGCC	2
GACCTGGAACC	1
GACCTGGAACT	6
GACCTGGACAT	1
GACCTGGACCC	33
GACCTGGACCT	20
GACCTGGACTC	3
GACCTGGACTT	13
GACCTGGATCC	6
GACCTGGATCT	190
GACCTGGGTCC	9
GACGACCCCCC	5
GACGACCCCTC	14
GACGACTCCTC	1
GACGAGCCCCC	1
GACGAGCCTCC	1
GACGAGCCTTC	5
GACGAGTCATT	1
GACGAGTCCCC	2
GACGATCCCCC	1
GACGCCCCTCG	1
GACGCGGTCAG	1
GACGGAAGCCG	3
GACGGAAGTCG	1
GACGGACCCCC	2
GACGGACCCCG	15
GACGGACCTCG	3
GACGGACCTTC	1
GACGGACTCCG	2
GACGGAGATCG	1
GACGGATCCAG	39
GACGGATCCCG	176
GACGGCAAATT	4
GACGGCACCCC	4
GACGGCCCCAC	1
GACGGCCCCCC	3
GACGGCCCCTC	245
GACGGCCCTCC	2
GACGGCCGTCC	1
GACGGCGGTAC	1
GACGGCTCCCC	45
GACGGCTCCCT	1
GACGGCTCCTC	29
GACGGCTCTCC	105
GACGGGAGAGC	1
GACGGGAGTCG	2
GACGGGCCCCC	10
GACGGGCCCCT	16
GACGGGCCCTC	1
GACGGGCCGCC	9
GACGGGCCTCC	1031
GACGGGCCTGC	1
GACGGGCCTTC	243
GACGGGGGCGG	1
GACGGGTCCCC	1
GACGGGTCTCC	1
GACGGGTGCGG	1
GACGGTGACTG	1
GACGGTTCCCC	4
GACGGTTCCTC	1
GACTCAGTTTT	2
GACTCGAACTT	3
GACTCGGAACC	4
GACTCGGAACT	2
GACTCGGAATT	1
GACTCGGACCC	121
GACTCGGACCG	2
GACTCGGACCT	13
GACTCGGACTC	18
GACTCGGACTT	14
GACTCGGATCC	3
GACTCGGATCG	2
GACTCGGATCT	32
GACTCGGATTC	5
GACTCGGATTT	2
GACTCGGCCCC	10
GACTCGGCCCT	2
GACTCGGCCTT	28
GACTCGGGCCC	3
GACTCGGGTCT	1
GACTGCCCCTC	1
GACTGGGCCCT	1
GACTGGGTCCC	1
GACTGGGTCCT	3
GACTTGGACCT	3
GAGACGGACCC	1
GAGAGCCATTG	1
GAGAGGCCACA	2
GAGAGGCCGGC	1
GAGAGGCTGAC	1
GAGAGGCTGGC	15
GAGAGGTTGGC	362
GAGAGGTTGGG	1
GAGAGGTTGGT	20
GAGAGTGGCCC	1
GAGATCGGGCG	1
GAGCAAGCTCT	1
GAGCAAGTCAG	1
GAGCAAGTCCT	7
GAGCAAGTCTC	2
GAGCAAGTTCT	2
GAGCCGGACTT	4
GAGCCGGGCGG	1
GAGCCGGTCTC	21
GAGCCGGTCTT	1
GAGCGGGCCCT	1
GAGCGGGTCTT	1
GAGCGGTCCCC	1
GAGGACCCCTC	4
GAGGCACCATC	1
GAGGCACCGTC	1
GAGGCATCACC	1
GAGGCGGACCC	1
GAGGGAAGCCG	21
GAGGGAGTCGG	1
GAGGGGAATCC	1
GAGGGGCCGAT	4
GAGGGGCCGGT	13
GAGGGGTCGGT	3
GAGGGGTTGGC	3
GAGGTCCCTCC	2
GAGGTCGGCGG	1
GAGGTCGGCTT	1
GAGGTTGAAAG	1
GAGGTTGGAAG	1
GAGGTTGGCAG	7
GAGGTTGGCTA	1
GAGGTTGGCTG	1
GAGGTTGGGAG	1
GAGTAAGTCCT	21
GAGTCGGTCTC	2
GAGTGGGTCCT	4
GAGTGGGTCTT	3
GATAAGCAACT	3
GATAAGTCAAT	1
GATCAGGTACC	1
GATCAGGTCCT	1
GATCCAGCCTC	1
GATCCAGTCCC	2
GATCCCCCACG	1
GATCCGAATCT	1
GATCCGGACCA	1
GATCCGGACCC	15
GATCCGGACCT	1
GATCCGGACTA	1
GATCCGGACTC	1
GATCCGGACTT	4
GATCCGGCTCT	1
GATCGGACCCT	1
GATCGGCGACG	1
GATCGGGAGCC	4
GATCGGGCCCT	1
GATCGGGTCCT	4
GATCGGGTCTT	5
GATCGGTCCCC	12
GATCGGTCGCC	14
GATCGGTGACG	4
GATCTGGACCC	5
GATCTGGACTC	1
GATCTGGATCT	1
GATCTGGCCCC	2
GATCTGGCTCC	1
GATGACCCCTC	4
GATGACTCCTC	4
GATGAGCATCT	1
GATGCCTCTCA	1
GATGGACCCCG	18
GATGGACTCCG	2
GATGGATCCCG	31
GATGGCATCTG	1
GATGGCCCCTC	2
GATGGCTCCCC	11
GATGGCTCCTC	3
GATGGCTCTCC	1
GATGGGCCTCC	51
GATGGGGGCCT	1
GATGGGTGCGG	1
GATGGGTTCGG	1
GATGGTGACCC	3
GATGGTTCCCC	3
GATGGTTCCTC	1
GATGTAACTAT	1
GATGTCTCTCG	1
GATTAATGCCA	1
GATTAGGCATG	2
GATTCAGCCCT	3
GATTCCGCGCG	1
GATTCGGACCA	10
GATTCGGACCC	2
GATTCGGACTC	3
GATTCGGACTT	1
GATTCGGATCC	8
GATTCGGCCCC	2
GATTCGGGCCC	6
GATTCGGGCCT	1
GATTGCTCTCA	3
GATTGGCGGTG	3
GATTGGGTCCC	4
GATTGGGTCCT	1
GATTGGGTCTT	3
GATTGGTCCCC	1
GATTGGTGACG	1
GATTGGTTGTC	1
GATTTATAGTC	1
GCAACGGACCC	2
GCAAGAGAGCC	1
GCAAGCCCCCC	1
GCAAGCCGCTC	1
GCAAGCTCCCC	2
GCAAGGCCTTA	5
GCAAGGTCCCC	3
GCAAGTGCCGC	1
GCAATGGCCCT	2
GCAGACCCCCC	13
GCAGACCCCTC	372
GCAGACCCCTT	1
GCAGACTCCCC	1
GCAGAGACGGT	1
GCAGAGCCTCC	1
GCAGATCTCCG	1
GCAGCCCCCCA	1
GCAGCCCCCCG	2
GCAGCCCCTCA	80
GCAGCGGACCC	1
GCAGCTCTCCG	1
GCAGGAGCAGC	1
GCAGGAGGCTG	1
GCAGGATCTCG	1
GCAGGATTCCA	1
GCAGGATTCCG	1
GCAGGCACCCC	6
GCAGGCCCCCC	4
GCAGGGTGCCC	2
GCAGGTCCCCC	2
GCAGGTCCCTC	1
GCAGGTTCCTC	1
GCATCGACGTA	1
GCATCGGCCCC	3
GCATGGGTAAC	1
GCATTGGCGCT	5
GCATTGGTGTC	1
GCCAAAAGGCA	4
GCCAACCCCCC	1
GCCACAGGACA	2
GCCACATGACA	1
GCCACGGACCC	2
GCCAGCCCCTC	132
GCCAGCCTCTC	1
GCCAGCTCTCC	7
GCCAGGACCTC	1
GCCAGGATCCC	1
GCCAGGCCGGG	4
GCCAGGGGCGG	1
GCCAGTCCCTC	1
GCCATATAGCA	1
GCCATATGGCA	2
GCCATGAGACA	1
GCCATGAGGCA	1
GCCATTTGGCG	1
GCCCAGATGCG	1
GCCCAGGTCCT	1
GCCCAGGTGCC	4
GCCCCAGCCCT	1
GCCCGGAGCCC	1
GCCCGGATCCC	1
GCCCGGGCCCT	2
GCCCTGAGACA	3
GCCCTGAGGCA	12
GCCGAAAGGCA	1
GCCGACCCCCC	3
GCCGACCCCCG	1
GCCGACCCCTC	47
GCCGAGAGTCG	1
GCCGATCCCCC	2
GCCGATCCCTC	7
GCCGATCCTCC	3
GCCGCATGGCA	2
GCCGGAAGGCC	1
GCCGGAAGTCG	1
GCCGGACCCCA	3
GCCGGACCCCC	7
GCCGGACCCCG	7
GCCGGACCCCT	7
GCCGGACTCCG	1
GCCGGATCCCG	2
GCCGGATTCCG	4
GCCGGCACCCC	3
GCCGGCCCCAC	1
GCCGGCCCCCC	2
GCCGGCCCCTC	4
GCCGGCCTCCC	1
GCCGGCTCCCC	8
GCCGGCTCTCC	2
GCCGGGAACCG	1
GCCGGGAGCCC	1
GCCGGGAGTCG	78
GCCGGGCAGCA	2
GCCGGGCAGCG	1
GCCGGGCCTCC	2
GCCGGGGAACT	1
GCCGGGGACCT	9
GCCGGTCCCCC	6
GCCGGTCCTCC	8
GCCGTACAACA	1
GCCGTACGGCA	3
GCCGTATGGCA	11
GCCGTCCCTCA	1
GCCTAGATGCT	4
GCCTGAAGGCA	2
GCCTGAGAACT	1
GCCTGCCCCAC	1
GCCTGGGTCTC	1
GCCTGGTCCTC	34
GCCTGGTTCCT	2
GCCTTAAGACA	1
GCCTTAAGGCA	31
GCCTTAGAGCA	7
GCCTTAGGACA	5
GCCTTAGGGCA	10
GCCTTATAGCA	2
GCCTTATCGCA	2
GCCTTATGGCA	9
GCCTTGAAGCA	21
GCCTTGAGACA	3
GCCTTGAGGCA	23
GCCTTGGAGCA	18
GCCTTGGGACA	11
GCCTTGGGGCA	10
GCCTTGGTCTC	10
GCCTTGGTCTT	3
GCCTTGTGACA	1
GCGACGGACCC	3
GCGAGAGGCCC	2
GCGAGGGGTCC	1
GCGAGGGGTCT	1
GCGCAAGCCGG	1
GCGCAGGTCTC	1
GCGCCGGACCT	1
GCGCCGGCCCC	2
GCGCCGGCCCT	5
GCGGAAGGCTG	1
GCGGAAGTCGG	2
GCGGACCCCCC	1
GCGGACCCCTC	26
GCGGACCTCCC	2
GCGGAGACTGG	2
GCGGAGATCGG	2
GCGGCAAATCG	8
GCGGCAAGTCA	14
GCGGCGAATCA	3
GCGGCGAGTCA	9
GCGGCGCCGAA	1
GCGGCGGACCC	2
GCGGCGGCACG	1
GCGGGAGATCG	10
GCGGGAGCCGG	4
GCGGGAGTCCG	1
GCGGGAGTCGG	133
GCGGGCCTCCC	1
GCGGGCCTCTC	1
GCGGGCTGGCG	4
GCGGGGAGCCG	1
GCGGTGCCAAA	1
GCGTAGCCCCC	3
GCGTGACTATT	1
GCGTGGAGATC	3
GCGTGGGCCCC	1
GCGTGGGTCTT	2
GCGTGTCTCCT	1
GCGTTGGCCCT	1
GCTAGCCCCTC	2
GCTAGGACTCC	1
GCTAGGATCTC	1
GCTAGTCTCCA	1
GCTAGTGCCGC	1
GCTATGTGGCA	1
GCTATTAAATT	1
GCTATTCCCAA	1
GCTCAGCCCCC	2
GCTCATGGCCT	1
GCTCGAGCCCT	1
GCTCGGGTCTT	1
GCTCGGTTCCC	2
GCTCTCACGTG	1
GCTGACCCCCC	1
GCTGACCCCTC	3
GCTGAGAGGTT	1
GCTGATCCTCC	1
GCTGCACCGCG	1
GCTGCATGACA	1
GCTGCCTCCAA	1
GCTGCCTCCGA	2
GCTGCCTCTTT	1
GCTGGACCCCG	2
GCTGGATCTCG	1
GCTGGCCCCAC	1
GCTGGCCCCCC	1
GCTGGCCCCTC	2
GCTGGCTCCCC	6
GCTGGCTCCTC	12
GCTGGCTCTCC	1
GCTGGGGACCT	1
GCTGGTTCCCC	53
GCTGGTTCCTC	1
GCTTAGCCCCC	2
GCTTCAGTCCC	1
GCTTGCCCCTC	1
GCTTGGAGATC	15
GCTTGGGCCCC	5
GCTTGGGCGGC	8
GCTTGGGTCCT	1
GCTTGGGTCTC	1
GCTTGGGTCTT	3
GCTTGGTCCCC	1
GCTTGGTCCCT	1
GCTTGGTCCTC	2
GCTTGGTCCTT	1
GCTTGTGGTCG	1
GCTTTGGTCTC	1
GCTTTGGTCTT	2
GGAAAGAACCC	1
GGAAAGATCCG	1
GGAAAGCCTCC	2
GGAAAGTCAGC	2
GGAAAGTCGAC	1
GGAAAGTCGGC	26
GGAAAGTCGGT	1
GGAAAGTTGCA	1
GGAAGACCGGC	1
GGAAGATCGGC	25
GGAAGATTGGT	1
GGAAGCCCCTC	11
GGAAGCCCTCC	1
GGAAGCTCTCC	15
GGAAGCTGGTG	2
GGAAGGATCCC	1
GGAAGGATTTC	1
GGAAGGCCGGC	13
GGAAGGCCGGT	1
GGAAGGCTGGC	13
GGAAGGCTGGG	8
GGAAGGTCACA	1
GGAAGGTCAGC	1
GGAAGGTCGGC	47
GGAAGGTCGGT	11
GGAAGGTGGCT	1
GGAAGGTTAGA	1
GGAAGGTTATC	1
GGAAGGTTGAG	1
GGAAGGTTGCC	1
GGAAGGTTGCT	1
GGAAGGTTGGC	4
GGAAGTCCCTC	1
GGAAGTTAGTT	2
GGACAAGTCCT	1
GGACAAGTCTC	1
GGACAGGTCTG	10
GGACCGACCCT	5
GGACCGGCCCT	1
GGACGGGCATG	1
GGACGGTCCCC	2
GGACGTGCCTC	1
GGACTCGGGCC	3
GGAGACCCCTC	8
GGAGACCCCTT	1
GGAGACCGGCA	7
GGAGACCGGCT	2
GGAGACTGGCG	24
GGAGAGAGGCA	1
GGAGAGATCGG	1
GGAGAGGAATC	2
GGAGAGGGCGG	1
GGAGAGGTTGG	6
GGAGATCCGTG	3
GGAGATCCGTT	1
GGAGATCCTTC	3
GGAGATCGGCC	19
GGAGATCGGCG	10
GGAGATCGGTC	1
GGAGATCGGTG	1
GGAGATCGGTT	20
GGAGATCTGTG	3
GGAGATTGGCA	2
GGAGATTGGCG	326
GGAGCCCCTCA	60
GGAGCCTCTCG	2
GGAGCTCTCCG	2
GGAGGACCCCG	1
GGAGGATCCCG	1
GGAGGCAGGCG	1
GGAGGCAGGTG	1
GGAGGCCGGCC	1
GGAGGCCGGCG	3
GGAGGCCGGTC	3
GGAGGCCGGTG	1
GGAGGCTCCCC	2
GGAGGCTCCTC	39
GGAGGCTGACG	1
GGAGGCTGCAA	2
GGAGGCTGGCA	2
GGAGGCTGGCG	65
GGAGGCTGGGA	1
GGAGGCTGGTG	34
GGAGGCTGGTT	1
GGAGGGAAGCC	2
GGAGGGAAGTC	1
GGAGGGTCGCG	1
GGAGGTCGGCA	6
GGAGGTCGGCC	13
GGAGGTCGGCG	9
GGAGGTCGGCT	26
GGAGGTTAGTG	1
GGAGGTTCATA	2
GGAGGTTCCTC	1
GGAGGTTCTCC	1
GGAGGTTGACG	1
GGAGGTTGGAA	1
GGAGGTTGGCA	19
GGAGGTTGGCC	7
GGAGGTTGGCG	112
GGAGGTTGGCT	4
GGAGGTTGGGG	1
GGAGGTTGGTA	3
GGAGGTTGGTG	944
GGAGGTTGGTT	1
GGAGGTTTATG	2
GGAGGTTTGGT	1
GGATAAGCAAC	3
GGATAAGTCTT	12
GGATAGGTCCT	3
GGATAGGTGCT	1
GGATCGGTCTT	1
GGATGGAGATC	1
GGATGGGACCG	1
GGATGGGCCGG	11
GGATGGGCCTG	2
GGATGGGCTGG	2
GGATGGGCTTG	3
GGATGGGGCTT	1
GGATGGGTCTT	2
GGATGGGTTCG	1
GGATGGTCCCC	2
GGCAAACGGAT	4
GGCAAAGTCTT	4
GGCAAATCAGT	1
GGCAAATCGGA	2
GGCAAATCGGC	3
GGCAACCCCCC	5
GGCAAGCCGGC	9
GGCAAGCCGGT	1
GGCAGACCCCT	1
GGCAGACTGGT	3
GGCAGAGGGAT	1
GGCAGAGGGGT	4
GGCAGCCCCCC	3
GGCAGCCCCTC	207
GGCAGCCTCTC	2
GGCAGCTCTCC	24
GGCAGGACAAT	6
GGCAGGACCCC	3
GGCAGGACTTC	10
GGCAGGATCCC	30
GGCAGGATCTC	8
GGCAGGATTCC	17
GGCAGGCCCCC	3
GGCAGGTGGCG	6
GGCAGGTTGGC	1
GGCAGTCCCTC	1
GGCATGAAGCA	2
GGCCACAGGGC	1
GGCCACATGAC	2
GGCCACATGGC	2
GGCCAGGACGC	1
GGCCAGGCACT	1
GGCCAGGCCCG	3
GGCCAGGCGCC	6
GGCCAGGCTCC	1
GGCCAGGGCAA	1
GGCCAGGTCCC	1
GGCCAGGTCCT	9
GGCCAGGTGCC	11
GGCCATAGGCA	3
GGCCATGAGGC	1
GGCCCAGCCCC	4
GGCCCAGTCCC	5
GGCCCGGATCA	1
GGCCCGGCCCC	1
GGCCGAACCCC	1
GGCCGACCCCC	2
GGCCGAGCCCG	2
GGCCGCATGAC	1
GGCCGCGGGAC	1
GGCCGGACCCA	1
GGCCGGACCCC	9
GGCCGGACGCC	4
GGCCGGAGGCA	1
GGCCGGATCCC	1
GGCCGGCCGCC	1
GGCCGGCCGCT	1
GGCCGGGACCG	1
GGCCGGGCCCG	1
GGCCGGGCCCT	7
GGCCGGGGACG	1
GGCCGGGTACT	1
GGCCGGGTCCC	28
GGCCGGGTCCT	38
GGCCGGGTTCT	1
GGCCGGTGACG	2
GGCCGTACGGC	1
GGCCGTATAGC	1
GGCCGTATGGC	3
GGCCTAGCCCC	1
GGCCTCATGGC	1
GGCCTGAGGCA	1
GGCCTGGAACT	1
GGCCTGGAAGC	1
GGCCTGGACCC	1
GGCCTGGACCT	8
GGCCTGGATCT	1
GGCCTGGGTCC	1
GGCCTTAAGGC	1
GGCCTTACTGC	1
GGCCTTAGGCA	2
GGCCTTAGGGC	1
GGCCTTATGGC	5
GGCCTTGAGGC	1
GGCGAATCGGC	1
GGCGACCCCCC	5
GGCGACCCCTC	47
GGCGACCCTCC	1
GGCGACTCCCC	5
GGCGAGAGGCC	1
GGCGAGAGGTC	2
GGCGAGAGTCG	2
GGCGAGATCGC	1
GGCGAGCCCCC	2
GGCGAGCGCAC	1
GGCGAGCTGCC	1
GGCGAGGGGCC	1
GGCGAGGGGTC	2
GGCGATCCTCC	1
GGCGCCCCTCG	7
GGCGCCTCTCG	1
GGCGCGTGGCA	1
GGCGCTTCTCG	1
GGCGGAAGGCT	1
GGCGGAAGTCG	1
GGCGGACCCCG	16
GGCGGACCCCT	3
GGCGGACCTCG	6
GGCGGAGATCA	1
GGCGGAGATCG	2
GGCGGATCCCG	28
GGCGGATTCCG	5
GGCGGCAAATT	3
GGCGGCACCCC	1
GGCGGCCCCAC	1
GGCGGCCCCCC	1
GGCGGCCCCTC	27
GGCGGCGGCCC	1
GGCGGCTCCCC	11
GGCGGCTCCTC	43
GGCGGCTCTCC	7
GGCGGCTCTTC	1
GGCGGGACTCC	2
GGCGGGAGCCG	1
GGCGGGAGTCG	36
GGCGGGCCACC	3
GGCGGGCCCCC	10
GGCGGGCCCCT	527
GGCGGGCCGCC	1
GGCGGGCCTCC	172
GGCGGGTAGGC	1
GGCGGGTCACC	1
GGCGGGTCCCC	19
GGCGGGTCCCT	11
GGCGGGTCGCC	9
GGCGGGTCTCC	355
GGCGGGTCTCT	1
GGCGGTCCCTC	1
GGCGGTCCTCC	3
GGCGGTCTCAA	1
GGCGTCCGTCG	1
GGCGTCTCCCA	1
GGCTACCTTCC	1
GGCTAGGACAA	35
GGCTAGGCCAT	1
GGCTATCTCCC	7
GGCTATCTTCC	1
GGCTCAGTCCT	2
GGCTCAGTTCC	2
GGCTCCCCACG	1
GGCTCGGAACC	2
GGCTCGGAATC	13
GGCTCGGACCC	5
GGCTCGGACCT	3
GGCTCGGACTC	8
GGCTCGGATCG	3
GGCTCGGATCT	27
GGCTCGGATTC	3
GGCTCGGCCCC	1
GGCTGCCCCCC	1
GGCTGCCCCTC	1
GGCTGGACCCA	1
GGCTGGACCCC	1
GGCTGGATTTC	1
GGCTGGGCCCT	11
GGCTGGGCTCG	1
GGCTGGGTCCC	9
GGCTGGGTCCT	13
GGCTGGTCCCC	2
GGCTTGGACCT	1
GGCTTGGCCCT	1
GGGAACCGGCG	1
GGGAACCGGTG	1
GGGAAGATCCC	2
GGGAAGCCCCT	1
GGGAAGCTCTC	1
GGGAAGCTGGC	1
GGGAAGTCACA	1
GGGAAGTCATG	1
GGGAAGTCCCC	1
GGGAAGTCGGT	1
GGGAAGTTGGT	1
GGGAGATCGGC	14
GGGAGATTGGC	4
GGGAGCCCCTC	2
GGGAGCCCCTT	1
GGGAGCTCTCC	2
GGGAGGATTCC	1
GGGAGGCCGGA	1
GGGAGGCTGGC	5
GGGAGGTCGGC	14
GGGAGGTTCGC	1
GGGAGGTTGGC	434
GGGAGGTTGGT	17
GGGAGGTTGTC	2
GGGCAAGTATT	6
GGGCAAGTCCC	30
GGGCAAGTCCT	122
GGGCAAGTCTC	31
GGGCAAGTCTT	170
GGGCAAGTTCC	3
GGGCAAGTTCT	2
GGGCACGTCCC	7
GGGCAGGACCA	1
GGGCAGGCCCT	1
GGGCAGGTCTG	2
GGGCCGGTCTC	1
GGGCGGGACCG	2
GGGCGGGCCCT	7
GGGCGGGCTCT	20
GGGCGGTCCCC	9
GGGCTGGCCCT	1
GGGGAATTGGT	1
GGGGACCCCTC	2
GGGGAGCCGGT	1
GGGGAGCCTCC	1
GGGGATCGGCC	1
GGGGCGTCCCC	1
GGGGGAGTCCC	2
GGGGGATTGGT	2
GGGGGGGACCC	18
GGGGGGGGCCC	1
GGGGGGTCGGC	5
GGGGGGTTGAC	1
GGGGGGTTGGC	1
GGGGGTTGGCG	1
GGGGGTTGGTG	1
GGGGTATCCTC	1
GGGGTATTCTC	1
GGGGTTTCTCC	1
GGGTAAGCACT	8
GGGTAAGTCAT	1
GGGTAAGTCCC	4
GGGTAAGTCCT	134
GGGTAAGTCTC	3
GGGTAAGTCTT	217
GGGTAAGTGCT	4
GGGTAAGTTAT	1
GGGTAGGCCCC	1
GGGTAGGCCCT	12
GGGTAGGTCTT	1
GGGTGAGTCTC	1
GGGTGAGTCTT	17
GGGTGAGTGCT	4
GGGTGCCCCTT	1
GGGTGGAGATC	4
GGGTGGGACCG	9
GGGTGGGCTCT	2
GGGTGGTCCCC	6
GGGTTAGTCTT	22
GGTAAGCACTA	4
GGTAAGGTCCT	2
GGTAAGTCATA	1
GGTAAGTCTCC	1
GGTAGCCCCTC	14
GGTAGCCGGTC	4
GGTAGCTCCAT	1
GGTAGCTCCTC	1
GGTAGGACTTC	1
GGTAGGTCCTC	1
GGTAGTGGGCA	2
GGTCAAGCCCC	1
GGTCAGGCCAT	1
GGTCAGGCCTT	1
GGTCAGGCGCC	7
GGTCAGGCGCT	1
GGTCAGGGGCC	1
GGTCAGGTCCT	4
GGTCAGGTCGT	1
GGTCAGTGGCG	1
GGTCATAGGCA	1
GGTCCAGCGCG	1
GGTCCAGTCCC	2
GGTCCCCCGCG	1
GGTCCGACGCG	3
GGTCCGCCCGG	1
GGTCCGGTCCC	1
GGTCGCTCTCC	1
GGTCGGACCCC	5
GGTCGGCCGCT	1
GGTCGGCGACG	4
GGTCGGCGGCG	5
GGTCGGCGGTG	2
GGTCGGGAACT	1
GGTCGGGACCT	1
GGTCGGGCCCC	9
GGTCGGGCCCG	3
GGTCGGGCCCT	1
GGTCGGGCTCC	1
GGTCGGGGCCC	2
GGTCGGGTCCC	7
GGTCGGGTCCT	19
GGTCGGTGGCG	1
GGTCGGTTCCC	1
GGTCTAGCCCC	1
GGTCTGGTCCT	1
GGTGACCCCTC	23
GGTGACTCCCC	1
GGTGAGAGGTT	1
GGTGAGCCCCT	4
GGTGAGGGTCA	2
GGTGAGGTCCC	1
GGTGCCCCTCG	1
GGTGGACCCCG	47
GGTGGACTTCG	1
GGTGGAGATCG	1
GGTGGATCCCG	21
GGTGGATTCCG	2
GGTGGCACCCC	1
GGTGGCCCCCA	2
GGTGGCCCCTC	1
GGTGGCCCTTC	1
GGTGGCCGGCC	1
GGTGGCGACCC	16
GGTGGCGACTC	1
GGTGGCGGCCC	9
GGTGGCGGCCT	2
GGTGGCTCCCC	4
GGTGGCTCCTC	8
GGTGGCTGGCG	2
GGTGGGACCCT	1
GGTGGGACTCC	4
GGTGGGCCCCC	3
GGTGGGCCCCT	11
GGTGGGCCGCC	2
GGTGGGCCTCC	1
GGTGGGGGCCT	10
GGTGGGTCCCT	16
GGTGGGTCCTC	4
GGTGGGTCGCC	3
GGTGGGTCTCC	1
GGTGGTCCCTC	2
GGTGGTGACCC	1
GGTGGTGGCCC	4
GGTGGTTCCCC	1
GGTGGTTGGCG	2
GGTGTTCTTGC	1
GGTTAGTCATC	1
GGTTAGTCTTC	5
GGTTATTAATA	1
GGTTCAGCCCT	1
GGTTCGGATCG	3
GGTTGAGCCCC	1
GGTTGCCTCTC	1
GGTTGCTCCTC	1
GGTTGGACCCC	1
GGTTGGACCTC	3
GGTTGGCAGTG	1
GGTTGGCGGCG	4
GGTTGGCGGTG	1
GGTTGGGCCTC	2
GGTTGGGTCCC	1
GGTTGGGTCCT	2
GGTTGGGTCTT	1
GGTTGGTCCCT	1
GGTTGGTCCTC	6
GGTTGGTGACG	1
GGTTGGTGGCG	4
GGTTGGTGGTG	4
GGTTGGTTCTC	31
GTAAAGCCTCC	2
GTAAAGCCTTC	1
GTAAAGCTCTC	1
GTAAGGCCATA	1
GTAAGGCCCTG	2
GTAAGGCCTGG	1
GTAAGGCCTTA	5
GTAAGGCCTTG	6
GTAAGGCTAGG	1
GTAAGGTCATG	5
GTAATCCGACG	1
GTAATGGCCCT	2
GTAATTATTTT	2
GTACCGGCCCT	1
GTAGACCCCTC	7
GTAGAGCCTCC	5
GTAGAGCCTTC	1
GTAGCCCCTCA	7
GTAGCCCCTCG	1
GTAGCGATTCG	1
GTAGGCCCCTC	1
GTATAGAAGCT	1
GTATAGTGCTA	1
GTATATCTATT	1
GTATCCCTTAC	1
GTATCGGTCCC	1
GTATCGGTTCC	1
GTATGATCCTT	1
GTATGATTATT	1
GTATGGGCCCT	4
GTATTGGTTCT	2
GTCAAATAGTC	2
GTCAAGCCCCC	1
GTCAGCCCCCC	1
GTCAGCCCCTC	204
GTCAGCCTCTC	1
GTCAGCTCTCC	40
GTCAGGACCCC	1
GTCAGGACTTC	1
GTCAGGATCTC	2
GTCAGTGGCTC	2
GTCATAAAGCA	2
GTCATAACCCA	1
GTCATAACTCA	1
GTCATAGTCCA	9
GTCATAGTTCA	1
GTCCAGGTCCT	4
GTCCAGGTGCT	3
GTCCCAGCCCT	3
GTCCGCTAGCG	2
GTCCGGACCCC	1
GTCCGGACGCC	1
GTCCGGAGCCT	2
GTCCGGGCCCC	2
GTCCGGGCCCT	1
GTCCGGGTCCC	1
GTCCGGGTCCT	2
GTCCGGGTCTC	1
GTCCGGGTCTT	1
GTCCGGGTGCT	2
GTCCGGTCCCC	1
GTCCGGTGCAC	1
GTCGACCCCCC	2
GTCGACCCCCG	2
GTCGACCCCTC	21
GTCGACTCCTC	5
GTCGAGAGGTT	11
GTCGAGATCGC	3
GTCGAGGCGGC	1
GTCGATCCTAC	1
GTCGATCCTCC	2
GTCGCCCCTCA	2
GTCGCCCCTCG	2
GTCGCTCCCCG	2
GTCGGAAGTCG	1
GTCGGACCCCC	1
GTCGGACCCCG	6
GTCGGACCTCG	7
GTCGGATCCAG	1
GTCGGATCCCG	1
GTCGGCAAATT	1
GTCGGCACCCC	31
GTCGGCCCCAC	2
GTCGGCCCCCC	4
GTCGGCCCCTC	31
GTCGGCGACAC	1
GTCGGCGGTAC	2
GTCGGCTCCCC	21
GTCGGCTCCTC	35
GTCGGCTCTCC	14
GTCGGCTCTTC	1
GTCGGGACCCT	1
GTCGGGAGTCG	2
GTCGGGGACCT	2
GTCGGGTCCCC	3
GTCGGTCCCAA	1
GTCGGTCCCCC	2
GTCGGTCCTCC	1
GTCGGTTCCCC	3
GTCGGTTCCTC	2
GTCGTACGGCA	1
GTCTCGGCACC	1
GTCTGGGCCCC	1
GTCTGGGTAAC	1
GTCTGGGTCCT	4
GTCTGGGTCTT	3
GTCTGGTCCTC	1
GTCTTGAGGCA	1
GTCTTGGTCCC	1
GTCTTGGTCTC	11
GTGACGGACCC	1
GTGCAGGCTGG	1
GTGCAGGTCCT	1
GTGCCGGCCCT	12
GTGCCGGCCTC	1
GTGCGGGCCCT	8
GTGCGGGTCCT	15
GTGGAAGGCTG	1
GTGGACCCCTC	11
GTGGACTCCCC	1
GTGGCAAATCA	5
GTGGCAAATCG	4
GTGGCGAATCA	1
GTGGCGAGTCA	1
GTGGCGGACCC	3
GTGGGAGCCGG	2
GTGGGAGCTGG	2
GTGGGAGTCGG	21
GTGGGCTGGCG	2
GTGGGGGGCCC	1
GTGGTGGGCTT	1
GTGTCGGCCCT	1
GTGTGGGCACC	1
GTGTGGGCCCT	17
GTGTGGGTCCT	1
GTGTGTCTCCT	1
GTTAAGCCTTC	9
GTTAGGCCTTA	1
GTTAGGCCTTC	1
GTTAGGGCTTG	1
GTTAGGGTCCT	1
GTTAGTCTCCA	2
GTTAGTTTGTG	1
GTTAGTTTTAA	1
GTTATAGTCCA	7
GTTATAGTTCA	1
GTTCAGGTGCT	4
GTTCATGCCCC	1
GTTCCAGTCCC	1
GTTCCGGAGCA	1
GTTCCGTCGCC	1
GTTCGAGAACC	1
GTTCGGGTCCT	1
GTTCGGGTCTC	1
GTTCGGGTCTT	2
GTTCGGTCCCC	2
GTTGAGCCTCT	2
GTTGCACCGCG	1
GTTGGACCCCC	1
GTTGGACCCCG	2
GTTGGCGGCGG	1
GTTGGCTCCCC	2
GTTGGCTCCTC	1
GTTGGCTCTCC	1
GTTGGCTGCGG	2
GTTGGCTGGTG	1
GTTGGGAAGCT	1
GTTGGGAGTCG	1
GTTGGGATGTG	2
GTTGGGGACCT	5
GTTGGGGTCCT	4
GTTGTGGTCGG	2
GTTTAGTCCAA	5
GTTTGGGCCCC	4
GTTTGGGCCCT	2
GTTTGGGCTCT	1
GTTTGGGTCCT	7
GTTTGGGTCTC	2
GTTTGGTCCCT	1
GTTTGGTCCTC	4
GTTTGGTTCTC	6
GTTTTGTCCAA	1
TAAAAACGCCA	1
TAAAAACGCTT	1
TAAAAAGTCCA	1
TAAAAATCACC	2
TAAAAATCACT	1
TAAAAATCATC	4
TAAAAATGCCA	1
TAAAAATGCTT	1
TAAAAGAGCCA	1
TAAAATAACCA	1
TAAAATTGTCA	1
TAAACAATGGA	1
TAAACAGTGGA	7
TAAACGAGCTA	1
TAAAGAAAGGC	1
TAAAGATGCCA	1
TAAAGCAGGCA	6
TAAAGGAAGCC	1
TAAAGTTGCCA	2
TAAATATGCCA	2
TAAATATGCCG	3
TAAATATGTCA	2
TAAATGATGGA	1
TAAATGCGTCT	1
TAAATGGTGGA	3
TAAATGTGCCA	1
TAACAAAGCCA	1
TAACAGGGTTC	2
TAACATAACCA	2
TAACGGGACTC	2
TAACGGGGCTC	8
TAACGGGGTTC	11
TAACGTAGCCA	1
TAACTAAGCTA	1
TAACTGGAGCA	1
TAAGAAAGCCA	1
TAAGAACCTTC	1
TAAGCATCATC	1
TAAGCCACTCG	3
TAAGCCCCTCA	5
TAAGCCCCTCG	1
TAAGCCTCTCG	1
TAAGGAACGGC	1
TAAGGCAGGCA	3
TAAGGCCCCCC	2
TAAGGCCCCTC	1
TAAGGCCCGCA	1
TAAGGCTCCTC	1
TAAGGGAAGCC	1
TAAGGTCTCTC	1
TAAGGTTCTCC	1
TAAGTAAGCCG	1
TAAGTATGCCA	2
TAAGTATGCTA	1
TAAGTATGTCA	1
TAAGTGTTGGC	2
TAATAAAAGTG	2
TAATAAACACG	1
TAATAAACGGA	1
TAATAAAGACA	2
TAATAAAGCCA	3
TAATAACAGTG	1
TAATAACGTCA	1
TAATAACTACG	1
TAATAAGTGGA	3
TAATAAGTTCT	1
TAATAATGCCA	11
TAATAATGTCA	1
TAATAATTACG	1
TAATACTTATG	1
TAATAGAATCG	1
TAATAGAGCCA	2
TAATAGCGGCG	1
TAATAGCTAGT	1
TAATAGGTTTT	1
TAATAGTAATG	1
TAATAGTTAAC	1
TAATATAACCA	1
TAATATTGCCA	2
TAATATTGCCG	4
TAATATTTTCG	1
TAATATTTTTG	2
TAATCAAGCCA	1
TAATCATGCCA	1
TAATCTAGCCA	1
TAATGAATAAA	1
TAATGATAGGT	1
TAATGATTAGA	1
TAATGCTGGTA	1
TAATGGCGGTG	1
TAATGGGCTTC	1
TAATGGGTAAC	1
TAATGGTCCTC	1
TAATGTTAACT	1
TAATGTTGCCA	2
TAATTAAGCCA	2
TAATTAAGTCA	2
TAATTAGCCCA	2
TAATTATGCCA	6
TAATTGATGGG	1
TAATTTTAATT	1
TAATTTTGCCA	1
TACAAATAAGG	1
TACAAGGTATG	1
TACAGCCCCTC	1
TACAGCCTTCA	2
TACAGCTCTCC	4
TACAGGACCTC	1
TACAGGATCCC	1
TACAGGGGAGC	1
TACAGGTCGGA	2
TACATATGCCA	1
TACCAAATTAT	1
TACCAAGGACA	4
TACCAATGCTA	1
TACCAGTATGT	1
TACCCCCCCCG	1
TACCCCCCGTG	24
TACCCCTCGTG	3
TACCGCGCCTT	1
TACCGGACTCC	2
TACCGGCTCCT	1
TACCGGGACCT	4
TACCGGGTCTT	2
TACCGGTCCCC	15
TACCGGTCCCT	5
TACCGGTCCTC	10
TACCGGTCTCC	1
TACCGGTTACT	1
TACCTATCGGA	22
TACCTCCCGTG	44
TACGACCCCTC	3
TACGAGCCCCT	1
TACGCTAGTAG	1
TACGGACCCCA	1
TACGGACCCCG	9
TACGGACCTCG	1
TACGGATCCCG	13
TACGGCACTGA	1
TACGGCCCCTC	1
TACGGCTCCCC	4
TACGGCTCCTC	1
TACGGCTCTCC	3
TACGGCTCTTC	1
TACGGGACCCC	1
TACGGGAGTCG	1
TACGGGCAATG	1
TACGGGGACCC	1
TACTAAAGCCG	1
TACTAACGCTA	1
TACTAACTGCG	1
TACTAAGTGGA	1
TACTAAGTTCA	1
TACTAATAGTG	1
TACTAATTAAC	2
TACTAATTAAT	12
TACTAATTACT	1
TACTAATTAGT	5
TACTAATTTCT	1
TACTACATGGC	1
TACTAGTTAAT	1
TACTAGTTGTG	1
TACTATAAGTG	1
TACTATTCATG	11
TACTCGAGGCA	1
TACTCGTCCTG	1
TACTGAGCGGC	2
TACTGCTAGTA	1
TACTGGTAGCT	1
TACTGGTGGCT	1
TACTGGTGGTT	1
TACTGGTTATC	4
TACTGGTTGTC	1
TACTGTATGGG	1
TACTTAAGCCG	1
TACTTATAAGT	2
TACTTGATGGG	2
TACTTGCTCCC	1
TACTTGTTGGG	1
TACTTTGTGGG	2
TAGAAAGATCC	1
TAGAATCCTCG	1
TAGAGCAGGCA	1
TAGAGCGACCC	4
TAGAGGATGTT	1
TAGAGGTTATA	1
TAGATGGAGCA	1
TAGCAAGTCCT	1
TAGCCATTAAA	1
TAGCCCCCGTG	1
TAGCGGGCGAC	1
TAGCGGGCTGC	1
TAGCGGGGTTC	2
TAGCGGGTCTT	1
TAGCTACTACA	2
TAGGACCCCTC	6
TAGGGCCAATT	1
TAGGTGAGGCA	1
TAGGTGGAGCA	1
TAGGTGGGCTA	1
TAGTTAGCCCT	1
TATAAAAGCCG	1
TATAAAAGCTA	4
TATAAACAGCC	1
TATAAAGATGC	1
TATAAATACCC	1
TATAAATAGCC	3
TATAAATGCCA	1
TATAAATGTCA	5
TATAAGAGCCA	1
TATAAGAGCCT	1
TATAAGAGCTA	1
TATAAGGTATA	1
TATAAGGTATG	2
TATAATTGTCA	2
TATACATAGCC	1
TATACGCCTCC	1
TATAGACGTCA	1
TATAGAGATGA	1
TATAGAGGACT	1
TATAGATGTCA	1
TATAGCTATCA	1
TATAGGGTATG	1
TATAGGTTATC	1
TATAGGTTCTC	1
TATATAAGCCA	1
TATATAAGCTA	7
TATATAGCTAC	1
TATATATGCCA	3
TATATATGTCA	3
TATATCTTATG	2
TATATGGCTAA	1
TATATGGGTCG	6
TATATTTATCG	1
TATATTTGGTG	1
TATATTTGTCA	2
TATATTTTACG	1
TATCAAATTAT	3
TATCAGTCCCC	15
TATCATTCGGA	2
TATCCGTCCCC	3
TATCGGCACTC	2
TATCGGCCCCC	1
TATCGGCTCCT	1
TATCGGTCCCC	67
TATCGGTCCCT	20
TATCGGTCCTC	19
TATCGGTCTCC	1
TATCGGTTCCC	1
TATCGGTTCCT	1
TATCGGTTCTC	3
TATCGGTTGCC	1
TATCGGTTTCC	1
TATCTAAGCTA	1
TATCTAGTGGG	1
TATCTATTGGG	1
TATCTGGAGCA	1
TATCTGTAGGC	2
TATCTTATGGG	7
TATGAATGTCA	1
TATGACCCCTC	4
TATGAGCCTCC	1
TATGAGGTACA	1
TATGAGTGCTC	1
TATGAGTTCTC	1
TATGCCCCGAG	2
TATGCCCCTTA	1
TATGCTACAAC	5
TATGCTACTAC	4
TATGGATCCCG	1
TATGGCCTCAC	1
TATGGCTCCTC	1
TATGGGTCCCC	4
TATGGGTCCCT	11
TATGGGTCCTC	26
TATGGGTTCTC	4
TATGTAATTTA	1
TATGTCATTGT	2
TATGTGTAGTC	1
TATGTTAATAG	2
TATGTTCCTCG	1
TATTAAAGCCG	1
TATTAAATGGA	1
TATTAACTGGC	3
TATTAAGCCAT	2
TATTAAGGCGT	1
TATTAATAACC	4
TATTAATTAAG	1
TATTAATTGGC	1
TATTAGAGCCA	1
TATTAGCACTT	1
TATTAGCGATT	1
TATTAGCGGTT	2
TATTAGCTCTC	1
TATTAGGTATG	2
TATTAGGTCCC	1
TATTAGTATAT	1
TATTAGTATGC	1
TATTAGTTCTC	1
TATTAGTTCTG	1
TATTATAAAGA	1
TATTATAGGTG	1
TATTATCTGTG	1
TATTATTAGTC	1
TATTATTGCCA	1
TATTATTGCCG	1
TATTCATCCCC	1
TATTCGCTCCC	1
TATTCGTCCCC	12
TATTCGTCCCT	7
TATTCGTCTCC	4
TATTGAGCGGC	2
TATTGCAGGCA	1
TATTGCCGGTA	1
TATTGCTGGTA	1
TATTGGCTTCC	3
TATTGGGACCT	3
TATTGGGGCCT	2
TATTGGGGGCT	1
TATTGGTCCCC	44
TATTGGTCCCT	36
TATTGGTCCTC	171
TATTGGTCTCC	1
TATTGGTCTCT	1
TATTGGTGCCT	5
TATTGGTGCTC	1
TATTGGTGGTT	1
TATTGGTTACT	1
TATTGGTTCCC	3
TATTGGTTCCT	1
TATTGGTTCTC	21
TATTGGTTGGG	2
TATTGGTTGTT	1
TATTGGTTTCC	4
TATTGTCATTG	1
TATTGTTAATA	2
TATTGTTTGTG	2
TATTTAAGCCA	2
TATTTAAGCTA	1
TATTTAATAAG	1
TATTTAATACG	1
TATTTAGACCT	28
TATTTATGCCA	1
TATTTATGCCG	1
TATTTGCCCCC	1
TATTTGCTCTC	1
TATTTGGACCT	5
TATTTGTCCCC	2
TATTTTGTGGG	1
TCAAAGCCTCC	2
TCAAAGCCTCT	1
TCAAATTATTC	1
TCAAGAGAGCC	3
TCAAGCCCCTC	1
TCAAGGAAGCC	4
TCAAGGTTACG	1
TCAATGCGTCA	1
TCAATGCTCCT	1
TCAGACCCCTC	27
TCAGAGAGGCC	1
TCAGAGCCTCC	2
TCAGAGGCTAT	1
TCAGATCTCCG	1
TCAGCCCCTCA	93
TCAGCCCCTCG	1
TCAGCCTCTCA	1
TCAGCCTCTCG	1
TCAGCCTTGCA	1
TCAGCGGCACG	1
TCAGCGGGTTC	3
TCAGCTAAGCC	1
TCAGGAAGGCC	1
TCAGGCCCCTC	3
TCAGGCCGGCG	1
TCAGGCTCCCC	1
TCAGGCTCCTC	7
TCAGGGAAGCC	1
TCAGGGAAGTC	2
TCAGGGAGGCC	1
TCAGGGCGGTG	1
TCAGGGTGCAC	3
TCAGGTCCCCC	3
TCAGGTTCCCC	1
TCAGGTTCCTC	3
TCATAATTTGT	1
TCATAGTTGTT	1
TCATAGTTTAC	1
TCATATCTATT	3
TCATATTTATT	1
TCATGAGCGGC	2
TCATGCCCCTC	2
TCATGGACCCC	1
TCATGGGTCCG	17
TCATTAGACCT	1
TCATTATGTCA	1
TCCAAGCCACT	2
TCCAAGCCCCC	1
TCCAAGCCCCT	1
TCCAAGCCCTC	2
TCCAAGCCTAC	1
TCCAAGCGGCA	2
TCCACGGACCC	1
TCCACTGGGTC	1
TCCAGCCCCTC	17
TCCAGCTCTCC	2
TCCAGGATCCC	1
TCCAGGATCTC	1
TCCAGGTCCCG	3
TCCAGTCCCTC	2
TCCATGGAGCA	1
TCCCCAGCCCT	1
TCCCGGACCCC	2
TCCCGGATCCC	3
TCCCGGGACCT	2
TCCCGGGGCCT	8
TCCCGGGTCCC	2
TCCCGGTCCCC	1
TCCCGGTCTCC	1
TCCGAAGGACA	1
TCCGAAGGGCA	1
TCCGACCCCTC	5
TCCGACTCCCC	2
TCCGAGCGGCA	1
TCCGAGGTCCC	3
TCCGATCCTCC	1
TCCGCAAGTCA	6
TCCGCGAGCAG	1
TCCGCGAGTCG	2
TCCGGAAGTCG	2
TCCGGACCCCC	2
TCCGGACCCCG	7
TCCGGACCCCT	4
TCCGGATCCCA	1
TCCGGATCCCG	2
TCCGGATCTCG	3
TCCGGATTCCG	2
TCCGGCACCCC	1
TCCGGCCCCAC	5
TCCGGCCCCCC	2
TCCGGCCCCTC	10
TCCGGCTAGTG	1
TCCGGCTCCCC	22
TCCGGCTCCTA	1
TCCGGCTCCTC	19
TCCGGCTCTCC	3
TCCGGGAGTCG	7
TCCGGGGCCGC	1
TCCGGGTCCAG	1
TCCGGGTCCCC	1
TCCGGGTCCCG	9
TCCGGTCCCCC	1
TCCGGTTCCCC	4
TCCGGTTCCTC	1
TCCGTCCCTCA	1
TCCGTCGGCCC	1
TCCGTCTCCCA	1
TCCGTGGACCC	1
TCCTAGGAACC	1
TCCTAGGACCC	3
TCCTAGGATCC	7
TCCTAGGCCCT	24
TCCTCAGCCCT	2
TCCTCGGAGCA	1
TCCTCGGCTTC	1
TCCTCGGGCCT	1
TCCTCGGTCCG	3
TCCTCGGTCTC	2
TCCTCGGTCTG	11
TCCTCGGTTCC	2
TCCTGGACCCC	1
TCCTGGATCTC	1
TCCTGGGATCC	1
TCCTGGTCCCC	1
TCCTGGTCCTC	4
TCCTTAGACCT	13
TCCTTGGAGCA	1
TCCTTGGTTCC	1
TCGAAGCCTCC	3
TCGAAGTCGGC	2
TCGACGGACCC	1
TCGAGAGGTTG	1
TCGAGCTCCCC	1
TCGAGGACCTC	1
TCGAGGGAGCC	1
TCGAGGGGTTC	1
TCGATGGACCC	1
TCGATGGATTC	1
TCGATGGGCTC	2
TCGATGGGTGC	2
TCGATGGGTTC	115
TCGCAGGTCTC	1
TCGCCATTAGA	1
TCGCCTCCATG	1
TCGCCTCCGCG	1
TCGCCTCCGTA	1
TCGCTACTACA	2
TCGCTCTCACG	1
TCGGAAGAGCC	1
TCGGAAGGCTG	1
TCGGAAGTCGG	1
TCGGACCCCTC	11
TCGGACTCCCC	1
TCGGACTCCTC	1
TCGGAGATCGC	6
TCGGAGATCGT	3
TCGGCAAATCA	1
TCGGCAAATCG	13
TCGGCAAGTCA	10
TCGGCGAGTCA	6
TCGGCGGACCC	3
TCGGCTCTCCG	1
TCGGGAACCAG	1
TCGGGAGATTG	1
TCGGGAGCCGG	1
TCGGGAGTCGG	41
TCGGGCTCCCC	2
TCGGTGAGGCA	2
TCGGTGCTCCT	1
TCGGTGGGTTC	5
TCGTGCTATAT	1
TCGTGGATCCC	1
TCGTGGGCGTC	1
TCTAAGGCCCC	1
TCTACGAGGCA	1
TCTAGCCATTA	2
TCTAGCTCTCC	1
TCTAGGACTTC	1
TCTATGCCTTC	1
TCTATGGAGCA	2
TCTCGGACCCC	2
TCTCGGACCTC	1
TCTCGGAGATC	5
TCTCGGTCCTC	3
TCTCGTTCCCC	3
TCTCTACCTCC	1
TCTCTAGACCT	1
TCTGACCCCAC	1
TCTGAGCCTCC	2
TCTGAGGAATC	1
TCTGATCCCTC	1
TCTGGCCCCAC	4
TCTGGCGGTAC	1
TCTGGCTCCCC	6
TCTGGCTCCTC	2
TCTGGTCCCCC	3
TCTGGTTCCCC	1
TCTTAGTCCAA	1
TCTTATGCCCC	1
TCTTCAGACCC	1
TCTTCAGACCT	2
TCTTCAGACTT	2
TCTTCGGAGCA	4
TCTTCGGGCCC	1
TCTTCGGTCTG	1
TCTTGAGAACC	1
TCTTGAGACTT	8
TCTTGCCATTA	3
TCTTGCCTCTC	1
TCTTGCCTCTT	17
TCTTGGTCCTC	12
TCTTGGTGCCT	2
TCTTGGTTCCC	2
TCTTGGTTTCT	9
TCTTGTTCCCC	2
TCTTTAGACCC	18
TCTTTAGACCT	45
TCTTTAGACTT	1
TCTTTAGCCCC	6
TCTTTGCCTCC	2
TCTTTGGAGCA	3
TCTTTGGCCCC	1
TGAAAAAGCTA	1
TGAAACAGCTA	1
TGAAAGCCTCC	2
TGAACGCCTCC	1
TGAAGCCCCTC	2
TGAAGCCCCTT	1
TGAAGCTCTCC	1
TGAAGGAGTCA	1
TGAAGGTCCCC	1
TGAAGTCCCTC	1
TGAATAAGCCA	1
TGAATGAGCTA	1
TGAATGCCTCC	4
TGAATGCCTTC	1
TGAATGCTCCC	1
TGAATGGGCTG	3
TGAATGGGGCG	4
TGACAGATTCC	1
TGACAGGAGCC	4
TGACGGACCCC	1
TGACGGTCCCC	3
TGACTATTTAA	1
TGACTGGAACT	1
TGAGAAAGCTA	3
TGAGACCCCTC	1
TGAGAGATCGG	1
TGAGAGATTGT	1
TGAGAGCCTCC	2
TGAGAGGAATC	1
TGAGAGGCTGG	12
TGAGAGGTCTC	1
TGAGAGGTTGA	1
TGAGAGGTTGC	2
TGAGAGGTTGG	367
TGAGCGGCCAG	3
TGAGCGGGTGC	4
TGAGCGGGTGT	1
TGAGCGGTCAG	2
TGAGGACCCCG	1
TGAGGACCTCG	2
TGAGGCCCCCC	2
TGAGGCCCCTC	1
TGAGGCTCCCC	2
TGAGGCTCCTC	5
TGAGGCTCTCC	2
TGAGGCTGGCG	2
TGAGGGAAGCC	7
TGAGGGGCCCC	1
TGAGGGGCTGG	1
TGAGGGGTCTC	1
TGAGGGGTTGG	25
TGAGGGTTAGC	1
TGAGGTTGGCA	1
TGAGTCCCTCG	1
TGATAACTATA	1
TGATACTTTGT	1
TGATAGGAGCC	1
TGATATAGCCA	1
TGATATTTATT	1
TGATGCCCCTT	1
TGATGGAGGCT	1
TGATGGATCCC	1
TGATGGGAGCC	1
TGATGGGTGCT	1
TGATGGTCCTC	2
TGATTATTAAA	1
TGATTATTGAA	1
TGATTATTTAA	1
TGATTGAGCTA	1
TGATTGCGCTA	1
TGATTGGGACT	1
TGATTTTTAGT	1
TGCAAGCCTCC	4
TGCAAGCGGCA	2
TGCAAGTCGGC	1
TGCAGACCCCT	1
TGCAGCCCCTC	27
TGCAGCTCTCC	4
TGCAGGACCCC	1
TGCAGGACTTC	1
TGCAGGATCCC	7
TGCAGGATCTC	4
TGCAGGATTCC	2
TGCAGGATTTC	1
TGCATGCCTCC	1
TGCCAAGCCCC	1
TGCCAGCTCTC	1
TGCCAGGAGCG	1
TGCCAGGATCT	2
TGCCAGGCACA	1
TGCCAGGCCCT	2
TGCCAGGCGCA	1
TGCCAGGCTTT	1
TGCCAGGGCCC	2
TGCCAGGGGCC	3
TGCCAGGGGCG	1
TGCCAGGTCCC	1
TGCCCAGTCCC	1
TGCCCCCCATG	1
TGCCCCGGGTG	1
TGCCCCTCGTG	1
TGCCGGACACT	1
TGCCGGACCCC	2
TGCCGGATCCC	1
TGCCGGCGCAA	1
TGCCGGCTCTC	1
TGCCGGGAACT	1
TGCCGGGACCC	1
TGCCGGGACCT	4
TGCCGGGCAGC	1
TGCCGGGCCCC	1
TGCCGGGCCCT	3
TGCCGGGGCTT	1
TGCCGGGGTCT	3
TGCCGGGTACC	1
TGCCGGGTCCC	4
TGCCGGGTCCT	68
TGCCGGGTCTT	3
TGCCGGTCCCC	243
TGCCGGTCCCT	6
TGCCGGTCCTC	33
TGCCGGTCCTT	3
TGCCGGTCTCC	3
TGCCGGTCTTC	1
TGCCGGTGCCC	4
TGCCGGTGCCT	1
TGCCGGTTACT	34
TGCCGGTTCCC	2
TGCCGTCCCGT	1
TGCCTGGGCCC	1
TGCGAAAGTCG	1
TGCGACCCCCC	1
TGCGACCCCTC	5
TGCGACTCCCC	1
TGCGACTCCTC	3
TGCGAGCCCCC	2
TGCGCCCCGCA	1
TGCGCCGGGAG	1
TGCGGAAGTCG	2
TGCGGACCCCG	9
TGCGGACCTCG	10
TGCGGATCCCG	3
TGCGGATTCCG	1
TGCGGCACCCC	1
TGCGGCCCCAC	2
TGCGGCCCCCT	1
TGCGGCCCCTC	29
TGCGGCTCCCC	26
TGCGGCTCCTC	5
TGCGGCTCTCC	8
TGCGGCTTCCC	2
TGCGGGACTCC	1
TGCGGGAGTCG	4
TGCGGGCCCCC	2
TGCGGGCCCCT	1
TGCGGGGACCC	12
TGCGGGTCCCC	17
TGCGGGTTCCC	1
TGCGGGTTCTC	2
TGCGGTCCCCC	2
TGCGTTGGCCC	2
TGCTAGCCCTC	1
TGCTAGGCTCC	2
TGCTAGGCTTC	1
TGCTATATGAT	1
TGCTGGACCCC	5
TGCTGGACGCC	1
TGCTGGGTCCT	3
TGCTGGTAGCC	4
TGCTGGTAGCT	32
TGCTGGTCCCC	55
TGCTGGTCCCT	2
TGCTGGTCCTC	24
TGCTGGTCCTT	7
TGCTGGTCTCC	1
TGCTGGTCTTA	1
TGCTGGTGACT	2
TGCTGGTGCCC	1
TGCTGGTGCCT	7
TGCTGGTGGCT	27
TGCTGGTGGTC	1
TGCTGGTGGTT	5
TGCTGGTTACT	43
TGCTGGTTCCC	1
TGCTGGTTCTC	7
TGCTGGTTCTT	1
TGCTGGTTGCT	1
TGCTGGTTGTC	1
TGGAAGCCGGT	3
TGGAAGCTCTC	3
TGGAAGGCTGG	1
TGGAAGGTTGC	1
TGGAAGGTTGT	1
TGGAAGTCGGG	1
TGGACCCCTCG	1
TGGAGACCGGC	1
TGGAGACTGGC	2
TGGAGATCGGC	5
TGGAGATCGGT	1
TGGAGCCCCTC	6
TGGAGCCCCTT	11
TGGAGGAAGCC	1
TGGAGGCTGGC	1
TGGAGGCTTAT	1
TGGAGGGTCGC	1
TGGATGGGCTC	1
TGGATGGGCTT	1
TGGATGGGTGC	4
TGGATGGGTTC	3
TGGCAAGTCCC	1
TGGCAAGTCCT	255
TGGCAAGTCTT	9
TGGCAAGTTCT	5
TGGCAGGAGCC	5
TGGCAGGTCTT	6
TGGCGAGTCTT	1
TGGCGGGTCTT	1
TGGCTACTACA	2
TGGCTGGAACT	1
TGGGACCCCTC	1
TGGGAGCCGGT	2
TGGGAGGCCGG	1
TGGGAGGTTGG	22
TGGGAGTCGGG	8
TGGGCCGCAAC	1
TGGGCGGGTGC	1
TGGGCGGGTTC	1
TGGGGACCTCT	1
TGGGGACCTTT	1
TGGGGGCCTTT	1
TGGGTGGGTTC	3
TGGTAGATTCT	1
TGGTGAGCGGC	1
TGGTGCCCCTC	2
TGGTGGACCCC	1
TGGTGGATCCC	1
TGGTTAGCCCT	4
TGGTTCGAAAT	2
TGTAAGCCCCC	1
TGTAGCCCCCC	1
TGTAGCTCTCC	2
TGTCAACCATT	1
TGTCAGCCCTT	1
TGTCAGGAACC	1
TGTCAGGCACT	1
TGTCAGGCCCC	1
TGTCAGGCCCT	2
TGTCAGGGACC	3
TGTCAGGGCCG	1
TGTCAGGGCGA	1
TGTCAGGGCTG	2
TGTCAGGGGCC	28
TGTCAGGGGCT	1
TGTCAGTCCTT	2
TGTCAGTCTCC	2
TGTCCAGTCCT	1
TGTCGCCCCTC	2
TGTCGGACCCC	3
TGTCGGACCTC	1
TGTCGGATCCC	1
TGTCGGCCCCC	1
TGTCGGGGCTT	2
TGTCGGGTCCC	2
TGTCGGTCCCC	168
TGTCGGTCCCT	6
TGTCGGTCCTC	73
TGTCGGTCGCC	1
TGTCGGTGCCC	3
TGTCGGTGCCT	1
TGTCGGTGCTC	1
TGTCGGTTCCC	1
TGTCGGTTCTC	46
TGTCGGTTTCC	1
TGTCGTAATCA	1
TGTGACCCCTC	2
TGTGGACCCCG	24
TGTGGATCCCG	1
TGTGGCCCTGT	1
TGTGGCCCTTC	2
TGTGGCCTCAC	2
TGTGGCTCCCC	1
TGTGGCTCCTC	1
TGTGGGATCCC	1
TGTGGGCAATG	8
TGTGGGCCTGT	1
TGTGGGGTCCT	1
TGTGGGTCCCC	1
TGTGGGTCCCT	1
TGTGGGTCCGC	3
TGTGGGTCCTC	3
TGTGGGTGCTC	1
TGTGGGTTCCC	1
TGTGGTCGGGA	9
TGTTAATGATA	1
TGTTAGAACTG	1
TGTTAGAATTA	1
TGTTAGACCTC	1
TGTTAGATACC	1
TGTTAGCCCTA	1
TGTTAGCCCTT	1
TGTTAGCCTCA	1
TGTTAGCCTCT	2
TGTTAGCCTTA	1
TGTTAGCTCCA	10
TGTTAGCTCTA	1
TGTTAGTAAAT	1
TGTTAGTACTT	1
TGTTAGTATTA	1
TGTTAGTCATA	1
TGTTAGTCATC	1
TGTTAGTCCCG	1
TGTTAGTCCTA	1
TGTTAGTCCTC	1
TGTTAGTCCTG	2
TGTTAGTCCTT	1
TGTTAGTCTCA	1
TGTTAGTCTCT	2
TGTTAGTGCCA	3
TGTTAGTGTTT	1
TGTTAGTTCTC	4
TGTTAGTTCTT	1
TGTTAGTTTCC	1
TGTTAGTTTCT	1
TGTTAGTTTTA	1
TGTTCGGTCCT	1
TGTTCGTCCCC	10
TGTTCGTCCCT	11
TGTTCGTCCTC	1
TGTTGCTCCTC	1
TGTTGGATCCC	1
TGTTGGGCAAT	1
TGTTGGGCCTC	3
TGTTGGGCCTT	2
TGTTGGGGCTT	1
TGTTGGGTCTT	3
TGTTGGGTTCG	3
TGTTGGTCACC	3
TGTTGGTCCCC	31
TGTTGGTCCCT	1
TGTTGGTCCTC	29
TGTTGGTCCTT	6
TGTTGGTCTCC	1
TGTTGGTCTTC	1
TGTTGGTGCCC	1
TGTTGGTGCCT	1
TGTTGGTGCTC	6
TGTTGGTTATT	2
TGTTGGTTCCC	10
TGTTGGTTCTC	564
TGTTGGTTCTT	4
TGTTGTATGCT	1
TGTTTAATACG	1
TGTTTAGACCT	1
TTAAAAAGCTG	1
TTAAAATGTCA	1
TTAAATAGCCA	2
TTAAATCTGTA	1
TTAACAGTGGA	1
TTAACCCCGCA	1
TTAACGGAGCA	2
TTAAGGTATGC	2
TTAATAAGCCA	1
TTAATAAGTCA	1
TTAATACGCCG	1
TTAATATGCCA	2
TTAATATGCCG	1
TTAATATGTCA	1
TTAATGCGTCA	1
TTAATGGAGCA	4
TTACAAAGCTA	1
TTACAAGGTAT	1
TTACGAGTCCT	1
TTACGGTCCCC	1
TTACGGTCCCT	3
TTACTAGGCTA	1
TTACTGAGCTA	1
TTACTGCACGG	1
TTACTTCAGTA	1
TTACTTTAACG	1
TTAGAGCCTCC	3
TTAGAGTACTC	1
TTAGATCCCCC	3
TTAGCATTGTT	1
TTAGCCCCGCA	1
TTAGCCCTGCG	2
TTAGCGCAGGA	1
TTAGCGGCACG	1
TTAGCGGGTAC	1
TTAGGGAAGTC	2
TTAGGGTCCCC	21
TTAGGGTCCCT	1
TTAGGGTGCGC	4
TTAGTGGAGCA	10
TTAGTGGGTAC	1
TTATAAAGCCA	1
TTATAAAGCCG	3
TTATAACGCCG	2
TTATACTAGTA	1
TTATACTTTAT	1
TTATATAGCCA	1
TTATATTTATC	1
TTATATTTGTT	3
TTATCGGAGCA	1
TTATCGGGATC	1
TTATCTTTGCA	2
TTATGAAGCCA	1
TTATGCTAGCG	3
TTATGCTAGTA	11
TTATGCTAGTG	2
TTATGGAGGAC	4
TTATGGCCGTA	1
TTATGGTATGC	1
TTATGGTCTCA	1
TTATGTTTTGT	2
TTATTAAACCA	1
TTATTAAATAC	1
TTATTAAGCTA	1
TTATTATGCCA	1
TTATTATGCCG	1
TTATTGAGCTA	2
TTATTGGTTCC	24
TTATTGGTTTC	2
TTCAAGCCTCC	1
TTCAAGCGGCA	3
TTCAAGCTCCT	1
TTCAGCCCCTC	22
TTCAGCTCTCC	1
TTCAGGACCCC	1
TTCAGGATCTC	1
TTCAGGCCCCC	1
TTCAGGCCTTC	2
TTCAGGGAACC	1
TTCAGGGAGCT	2
TTCAGGTCCCC	1
TTCAGTGGGCT	1
TTCATAAGGTA	1
TTCATGCCCCG	1
TTCCGGACCCC	2
TTCCGGGAACC	1
TTCCGGGCTTC	1
TTCCGGGGCCT	1
TTCCGGTCCCC	58
TTCCGGTCCCT	1
TTCCGGTCCTC	6
TTCCGGTCTCC	23
TTCCTAGACCT	1
TTCCTGCCTCC	1
TTCCTGGTTCC	1
TTCGACAAATT	1
TTCGACCCCTC	1
TTCGACTCCTC	1
TTCGAGGACCC	1
TTCGAGGCAAG	1
TTCGAGGCTGG	2
TTCGAGGTCCC	2
TTCGCCACTAA	1
TTCGCCCCACG	1
TTCGGAAGTCG	2
TTCGGACCCCG	7
TTCGGACCTCG	2
TTCGGATCCCG	2
TTCGGATGGGC	1
TTCGGATTCCG	1
TTCGGCACCCC	2
TTCGGCCCCTC	5
TTCGGCCCTTC	2
TTCGGCTCCCC	3
TTCGGCTCCTA	5
TTCGGCTCCTC	15
TTCGGGAGTCG	1
TTCGGGGCCCT	1
TTCGGGGTCCT	1
TTCGGGTCCCC	1
TTCGGGTCCTC	2
TTCGGTCCCCC	1
TTCGGTTCCCC	2
TTCGTCATTGC	1
TTCGTGGGGCA	4
TTCGTTCCCCG	2
TTCTAAAGTTA	1
TTCTCAGACCT	4
TTCTCGGACCT	1
TTCTCGGAGCA	2
TTCTCGGGCCC	8
TTCTCGGGCCT	32
TTCTCGGTCTC	33
TTCTCGGTTCC	12
TTCTGGACCCC	3
TTCTGGATCCC	2
TTCTGGTCCCC	1
TTCTGGTCCTC	4
TTCTGGTTCCC	1
TTCTTAGACCT	148
TTCTTGGTCTC	1
TTCTTGGTTCC	15
TTCTTGGTTCT	1
TTCTTGGTTTC	1
TTGAAAAGTCA	2
TTGAAGCCCTC	1
TTGAAGGGTAC	1
TTGACGGACCC	1
TTGAGCCCCCC	1
TTGATAAGGTA	1
TTGATGATCTC	2
TTGCAAGTCAG	1
TTGCAGGTCTC	2
TTGCCAATAGA	1
TTGCCACATTA	1
TTGCCACGGCA	1
TTGCCACTAAA	2
TTGCCAGCGCA	1
TTGCCATAAGA	1
TTGCCATCACA	1
TTGCCATTACA	4
TTGCCATTAGA	1
TTGCCATTGAA	1
TTGCCATTGGA	1
TTGCCGTGAGA	1
TTGCCGTGATA	2
TTGCCTATAGA	1
TTGCCTCCGCG	4
TTGCGTCGGCA	1
TTGCTAGCCCT	1
TTGCTCCCACG	1
TTGCTCCTACG	2
TTGCTCTCACG	16
TTGCTGGCGCA	61
TTGCTGGCGTA	15
TTGCTGGTGCA	12
TTGGAACCGGC	1
TTGGAAGTCGG	1
TTGGACCCCTC	1
TTGGAGATCGC	1
TTGGCAAATCA	1
TTGGCAAATCG	1
TTGGCGATTCG	1
TTGGGAGTCGG	12
TTGGGCTGGCG	1
TTGGGGAAGCC	1
TTGGGGAAGTC	4
TTGGGGACCTT	3
TTGGGGGCCTT	1
TTGGTACCCTT	6
TTGGTGGGTTC	1
TTGTATTGCCA	1
TTGTCGGCCCC	2
TTGTCGGCGCA	1
TTGTGGACCCC	1
TTGTGGGGCTC	7
TTGTGGGGCTT	1
TTGTTAGCCCT	1
TTGTTGCTTTC	1
TTGTTGGTATC	1
TTTAAAAGCCA	1
TTTAAAAGCCT	1
TTTAAAAGCTG	2
TTTAAAGGCTG	1
TTTAAATACCA	1
TTTAAATGCCA	1
TTTAAATGTTA	1
TTTAACGGCTA	1
TTTAACTGCTA	1
TTTAAGCGCCG	1
TTTAAGGAGCC	2
TTTAATAGCCA	1
TTTACAAGGTA	2
TTTAGAAGGCA	1
TTTAGCTAACA	1
TTTAGGTCCCC	1
TTTAGTAGGTA	1
TTTAGTCATTG	1
TTTAGTGCTCC	1
TTTATAAGGTA	10
TTTATACGCCA	1
TTTATAGACCC	1
TTTATAGACCT	3
TTTATATGTCA	1
TTTATGCTAAT	1
TTTATGGAGCA	4
TTTATGGTCGG	8
TTTATGGTCTC	1
TTTATGTCATT	7
TTTATGTGCCA	2
TTTATTTAACG	1
TTTATTTGCCA	1
TTTCAACCATT	1
TTTCAATGCCT	1
TTTCAGCCCTC	2
TTTCAGCCGAA	1
TTTCAGCTCCC	1
TTTCAGGCTCC	4
TTTCAGGGCGG	1
TTTCAGGTTCT	1
TTTCCAGACCT	1
TTTCGGCTTTT	1
TTTCGGGTCCC	5
TTTCGGTCCCC	37
TTTCGGTCCCT	11
TTTCGGTCCTC	6
TTTCGGTTCCT	4
TTTCGTTCCCC	1
TTTCTAGACCT	3
TTTCTAGCTCC	1
TTTGAAGATAC	1
TTTGAAGCTAC	2
TTTGACATTAC	1
TTTGATGAGGG	2
TTTGCAGACCT	3
TTTGCCATTAC	11
TTTGCCATTGG	1
TTTGGAGGCTA	1
TTTGGAGTCTT	1
TTTGGCGGTAC	1
TTTGGCTCCTC	2
TTTGGGGAATT	2
TTTGGGGGCCA	1
TTTGGGGTCCT	1
TTTGGGTCCCC	2
TTTGGGTTGTT	1
TTTGGTAAAGC	1
TTTGGTTCCTC	1
TTTGTCATTGT	2
TTTGTGAGGCA	1
TTTGTGCTCCC	1
TTTGTGGGGCA	6
TTTGTGGTCGG	35
TTTGTTAGCTC	2
TTTTAATGTTA	1
TTTTAGGTCCA	2
TTTTAGTGCTC	1
TTTTATAAGGT	9
TTTTATAGCCA	2
TTTTATTTTAA	1
TTTTCAGACCT	29
TTTTCAGACTT	1
TTTTCGGAGCA	11
TTTTCGGTCCC	9
TTTTCGGTCGC	1
TTTTCGGTCTC	8
TTTTCGGTCTT	5
TTTTCGGTTCC	13
TTTTGAGACTT	11
TTTTGCCACCG	1
TTTTGCCATTA	7
TTTTGGGCAAT	1
TTTTGGGGGCT	1
TTTTGGTACCT	4
TTTTGGTCCCC	14
TTTTGGTCCCT	13
TTTTGGTCCTC	50
TTTTGGTCCTT	5
TTTTGGTTCCC	2
TTTTGGTTCCT	2
TTTTGGTTCTC	3
TTTTTAGACCC	5
TTTTTAGACCT	10
TTTTTGGTCTC	2
TTTTTGGTGCC	1
TTTTTGGTTCC	3
TTTTTGGTTCT	2
TTTTTGGTTTC	1
TTTTTTGGGCA	1
TTTTTTTTGCA	1
TTTTTTTTTTT	1
